--
-- PostgreSQL database dump
--

\restrict Qa323UDdJgF5r7lhsemPvU9Pou3gAkhfgOpnhlO9DUPyKY75qbiXSHDzU6LWAxh

-- Dumped from database version 17.6
-- Dumped by pg_dump version 18.2

SET statement_timeout = 0;
SET lock_timeout = 0;
SET idle_in_transaction_session_timeout = 0;
SET transaction_timeout = 0;
SET client_encoding = 'UTF8';
SET standard_conforming_strings = on;
SELECT pg_catalog.set_config('search_path', '', false);
SET check_function_bodies = false;
SET xmloption = content;
SET client_min_messages = warning;
SET row_security = off;

--
-- Data for Name: stores; Type: TABLE DATA; Schema: public; Owner: -
--

COPY public.stores (id, name, city, state, logo_url, created_at, brand_positioning, main_segment, tone_of_voice, address, neighborhood, phone, whatsapp, instagram, primary_color, secondary_color, owner_user_id, updated_at, brand_profile, brand_profile_version, brand_profile_updated_at) FROM stdin;
ce0dca03-b43d-4aab-ac2c-e1177628aa4e	Acupuntura e Atenção Farmacêutica	Ibirama	SC	\N	2026-03-25 23:43:01.658152	Acupuntura a Domicílio / Atendimento online / avaliação de medicamentos / revisão farmacológica	Acupuntura e Cuidados Farmacêuticos	Amigável	\N	\N	\N	47988777318	@farmaceutico.wagner	#18a00e	#4da9fe	dfb7058b-7ab2-41c5-886c-311e5d90dbda	2026-04-03 22:34:46.88759+00	\N	1	\N
a4ec68e3-725a-4e0b-86e6-4ed755eaa82d	Caeguh ateliê	Ibirama	SC	\N	2026-03-25 23:51:20.187981	\N	Ateliê de costura criativa	Amigável	Rua José Wagner	Ponto chic	47991275326	47991275326	@caeguhatelie	#16a34a	#ebebeb	47c69cd3-c6e8-4069-8f3d-a3b0b0ae95df	2026-04-03 22:34:46.88759+00	\N	1	\N
f93fa732-c339-4af8-b45d-1748369ae669	Mercearia da Maria	Ibirama	SC	\N	2026-04-06 20:47:34.459628	O melhor preço de medicamentos e a melhor entrega da região.	Mercado / Mercearia	Amigável	Rua Dr. Getúlio Vargas, 1991	Bela Vista	\N	47912344321	\N	#0f14a9	#ffffff	f675ab09-c3f9-4bed-a207-ac15116c8530	2026-04-07 00:16:19.867287+00	\N	1	\N
e146f1fb-6ecf-4971-9926-7f1e231f98d0	João Barber	Rio do Sul	SC	\N	2026-04-03 23:39:17.696384	Daqui você sempre sai bonito!	Barbearia	Premium	Rua Dr. Getúlio Vargas, 1121	Centro	4791234435	47342112340	\N	#653610	#adc7db	00c3e73a-8a31-42e0-af70-93f942a61ec9	2026-04-10 23:48:45.438187+00	\N	1	\N
f5b1e0d3-1f8d-4e25-8e52-c86cf6ad7d0c	Escala Cor Tintas	Ibirama	SC	logos/420fe002-a34c-46a0-be54-e71713b28844/1775151601846_Escala_Cor_-_logo_preta_1_.png	2026-04-02 17:45:34.333467	Atendimento especializado, consultoria para resolver problemas de pintura, entregas rápidas, ampla variedade de produtos, parceria com marcas fortes como Suvinil, Atlas e Brasilux	Materiais de construção	Técnico	Rua Marques do Herval, 1220	Ponto Chic	4733574040	04733574040	@escalacor	#000000	#f56e00	420fe002-a34c-46a0-be54-e71713b28844	2026-04-03 22:34:46.88759+00	\N	1	\N
283410f0-39a0-44ea-b9d1-2a3a8ddcb3d3	Adega Mestre das Geladas	Anápolis	GO	stores/283410f0-39a0-44ea-b9d1-2a3a8ddcb3d3/1774889595534_adega_mestre_geladas_logo_clean_1774889426652.png	2026-03-26 22:04:40.352986	Aqui a sua festa é muito melhor!	Adega	Amigável	Rua do bairro, 121	Centro	6212344321	6212344321	\N	#b76d06	#292724	dd70daff-70e1-47bb-b978-092e2972bbf0	2026-04-04 00:23:17.597441+00	\N	1	\N
cdd5368c-b69c-4e72-822a-c83f3a21c5b6	Tambani Floricultura	Balneário Piçarras	SC	\N	2026-03-27 13:55:36.54848	Melhor preço, entrega, produtos selecionados	Floricultura	Próximo / “de bairro”	Avenida Getúlio Vargas, 355	Centro	47991690960	47991690960	@tambani_floricultura	#16a34a	#0f172a	a59a0fe1-5bcb-4fbe-82bf-811e4931eb76	2026-04-03 22:34:46.88759+00	\N	1	\N
2bea634d-8e9e-438a-8152-8f206d434a5c	Too Sweet Confeitaria	Penha	SC	\N	2026-03-27 19:48:43.742242	Mais barato da região, entrega	Confeitaria	Próximo / “de bairro”	Avenida Eugênio Krause, 4552	Armação	47991771833	47991771833	@toosweet.confeitaria__	#16a34a	#0f172a	45487679-db5b-431a-9b77-f70b32411f8b	2026-04-03 22:34:46.88759+00	\N	1	\N
e36fa482-3d4d-464f-92e5-bbd73b2f37ea	Comercial Teste Beta	São Paulo	SP	stores/e36fa482-3d4d-464f-92e5-bbd73b2f37ea/1775255750453_logo_wagner.jpg	2026-03-25 20:29:28.781753	Os arranjos florais mais encantadores da cidade!	Floricultura	Amigável	Rua do Comércio, 92	Centro	1112341234	11912341234	@betateste	#d09a06	#bcf0c5	589c8951-603f-4fd6-9309-9e0a26f11885	2026-04-04 20:47:38.683027+00	\N	1	\N
\.


--
-- Data for Name: campaigns; Type: TABLE DATA; Schema: public; Owner: -
--

COPY public.campaigns (id, store_id, product_name, price, audience, objective, image_url, headline, body_text, cta, status, created_at, ai_text, ai_caption, ai_hashtags, ai_cta, ai_generated_at, reels_hook, reels_script, reels_shotlist, reels_on_screen_text, reels_audio_suggestion, reels_duration_seconds, reels_caption, reels_cta, reels_hashtags, reels_generated_at, product_positioning, description, content_type, product_image_url, origin, weekly_plan_item_id, campaign_type, post_status, reels_status, price_label, brand_dna_snapshot, layout_snapshot, layout_suggestion, domain_input, domain_input_version, legacy_content_type) FROM stdin;
7ce277b1-7e3b-4569-a49e-db605f3d108e	e36fa482-3d4d-464f-92e5-bbd73b2f37ea	Vaso de Hibiscus 	29.99	mulheres	novidade	https://efxiupkxtvhbekyorddn.supabase.co/storage/v1/object/public/campaign-images/stores/e36fa482-3d4d-464f-92e5-bbd73b2f37ea/campaigns/7ce277b1-7e3b-4569-a49e-db605f3d108e/art-1775335186834.png	Hibiscus da Sazonalidade!	\N	\N	approved	2026-04-04 20:39:09.210873	Transforme seu espaço com esse encanto floral! 🌺	Olha só esse Vaso de Hibiscus que chegou pra dar aquele charme na sua casa! 🌼💖 Garantindo o seu, vai ser sucesso! #FloriculturaSP #Hibiscus #FloresEncantadoras	#Hibiscus #Flores #Decoração	Garantir o meu	2026-04-04 20:39:16.698+00	\N	\N	\N	\N	\N	\N	\N	\N	\N	\N	familia	\N	product	https://efxiupkxtvhbekyorddn.supabase.co/storage/v1/object/sign/campaign-images/stores/e36fa482-3d4d-464f-92e5-bbd73b2f37ea/products/1775335144465_hibiscus.webp?token=eyJraWQiOiJzdG9yYWdlLXVybC1zaWduaW5nLWtleV9kMGRjNWU1Zi02MzNmLTRmZDMtOGFmZi0yMzVmNGQxZThjNjIiLCJhbGciOiJIUzI1NiJ9.eyJ1cmwiOiJjYW1wYWlnbi1pbWFnZXMvc3RvcmVzL2UzNmZhNDgyLTNkNGQtNDY0Zi05MmU1LWJiZDczYjJmMzdlYS9wcm9kdWN0cy8xNzc1MzM1MTQ0NDY1X2hpYmlzY3VzLndlYnAiLCJpYXQiOjE3NzUzMzUxNDUsImV4cCI6MTc3NTMzODc0NX0.filDWBGLS0WXZNO2maG25ejnKqk9mvqOKzsjiMX4q0s	manual	\N	both	approved	none	\N	{"config": {"visual_aggression": 0.5}, "palette": {"accent": "#1624e9", "neutral": "#F4F4F5", "primary": "#1624e9", "secondary": "#ffffff"}, "version": 1, "logo_usage": {"allow_monochrome": true}, "typography": {"body_font": "sans_clean", "headline_font": "sans_display"}, "positioning": "Os arranjos florais mais encantadores da cidade!", "visual_seed": "e36fa482-3d4d-464f-92e5-bbd73b2f37ea", "visual_style": "modern", "tone_of_voice": "friendly"}	{"id": "split", "zones": {"cta_area": {"h": 92, "w": 440, "x": 580, "y": 1070}, "text_area": {"h": 500, "w": 440, "x": 580, "y": 250}, "price_area": {"h": 105, "w": 440, "x": 580, "y": 920}, "branding_area": {"h": 100, "w": 440, "x": 580, "y": 90}, "content_image": {"h": 1350, "w": 540, "x": 0, "y": 0}}, "version": 1}	\N	{}	1	\N
1ba255e2-9a24-46d4-9fea-c4169d3c9242	283410f0-39a0-44ea-b9d1-2a3a8ddcb3d3	Cerveja Heineken 600ml	8.99	geral	promocao	https://efxiupkxtvhbekyorddn.supabase.co/storage/v1/object/public/campaign-images/stores/283410f0-39a0-44ea-b9d1-2a3a8ddcb3d3/campaigns/1ba255e2-9a24-46d4-9fea-c4169d3c9242/art-1775669267384.png	Heineken 600ml por R$8,99!	\N	\N	approved	2026-04-08 17:27:38.286195	Sua festa merece a melhor cerveja gelada!	Chegou a hora de garantir a sua Heineken e fazer a festa bombar! 🍻 Vai um petisco ou um mix de bebidas junto? Chama no Whats! 😉	#Heineken #CervejaGelada #AdegaMestreDasGeladas	Garantir a minha	2026-04-08 17:27:43.4+00	\N	\N	\N	\N	\N	\N	\N	\N	\N	\N	popular	\N	product	https://efxiupkxtvhbekyorddn.supabase.co/storage/v1/object/sign/campaign-images/stores/283410f0-39a0-44ea-b9d1-2a3a8ddcb3d3/products/1775669254844_heinecken_600.jpg?token=eyJraWQiOiJzdG9yYWdlLXVybC1zaWduaW5nLWtleV9kMGRjNWU1Zi02MzNmLTRmZDMtOGFmZi0yMzVmNGQxZThjNjIiLCJhbGciOiJIUzI1NiJ9.eyJ1cmwiOiJjYW1wYWlnbi1pbWFnZXMvc3RvcmVzLzI4MzQxMGYwLTM5YTAtNDRlYS1iOWQxLTJhM2E4ZGRjYjNkMy9wcm9kdWN0cy8xNzc1NjY5MjU0ODQ0X2hlaW5lY2tlbl82MDAuanBnIiwiaWF0IjoxNzc1NjY5MjU0LCJleHAiOjE3NzU2NzI4NTR9.jdZ8zcAqR1MXxqQpKfdvL4Du9pDtcUzD3AEmZ0A_E7Q	manual	\N	both	approved	none	\N	{"config": {"visual_aggression": 0.4}, "palette": {"accent": "#000000", "neutral": "#78716C", "primary": "#b76d06", "secondary": "#E8A03B"}, "version": 2, "logo_usage": {"allow_monochrome": true}, "typography": {"body_font": "sans_clean", "headline_font": "serif_elegant"}, "positioning": "Aqui a sua festa é muito melhor!", "visual_seed": "283410f0-39a0-44ea-b9d1-2a3a8ddcb3d3", "visual_style": "luxury", "tone_of_voice": "premium", "image_treatment": {"filter": "warm", "warmth": 0.15, "contrast": 0.05, "saturation": 0}, "brand_temperature": "warm", "background_treatment": {"style": "editorial_shadow", "intensity": "balanced"}}	{"id": "split", "zones": {"cta_area": {"h": 92, "w": 440, "x": 580, "y": 1070}, "text_area": {"h": 500, "w": 440, "x": 580, "y": 250}, "price_area": {"h": 105, "w": 440, "x": 580, "y": 920}, "branding_area": {"h": 100, "w": 440, "x": 580, "y": 90}, "content_image": {"h": 1350, "w": 540, "x": 0, "y": 0}}, "version": 1}	\N	{}	1	\N
c84cca7e-1f30-4b4a-902d-0e00c240ea70	f93fa732-c339-4af8-b45d-1748369ae669	Farinha de trigo 5k	14.9	geral	promocao	https://efxiupkxtvhbekyorddn.supabase.co/storage/v1/object/public/campaign-images/stores/f93fa732-c339-4af8-b45d-1748369ae669/campaigns/c84cca7e-1f30-4b4a-902d-0e00c240ea70/art-1775671540485.png	A Farinha da Páscoa!	\N	\N	approved	2026-04-08 18:05:28.423954	Prepare delícias com 5kg por apenas R$14,90!	Oi, pessoal! 🌾 A Páscoa tá chegando e a gente tem a farinha perfeita pra suas receitas! Vem garantir a sua e fazer aquele bolinho delícia! 🍰 Chama no Whats pra reservar! 📲	#Páscoa #MerceariaDaMaria #Ibirama	Garantir a minha	2026-04-08 18:05:37.148+00	\N	\N	\N	\N	\N	\N	\N	\N	\N	\N	popular	\N	product	https://efxiupkxtvhbekyorddn.supabase.co/storage/v1/object/sign/campaign-images/stores/f93fa732-c339-4af8-b45d-1748369ae669/products/1775671525799_trigo.jpg?token=eyJraWQiOiJzdG9yYWdlLXVybC1zaWduaW5nLWtleV9kMGRjNWU1Zi02MzNmLTRmZDMtOGFmZi0yMzVmNGQxZThjNjIiLCJhbGciOiJIUzI1NiJ9.eyJ1cmwiOiJjYW1wYWlnbi1pbWFnZXMvc3RvcmVzL2Y5M2ZhNzMyLWMzMzktNGFmOC1iNDVkLTE3NDgzNjlhZTY2OS9wcm9kdWN0cy8xNzc1NjcxNTI1Nzk5X3RyaWdvLmpwZyIsImlhdCI6MTc3NTY3MTUyNSwiZXhwIjoxNzc1Njc1MTI1fQ.1lBxj7BvkI3b9-ZuULy9S5YsYmxxsLXxn_ANeov_6aI	manual	\N	both	approved	none	\N	{"config": {"visual_aggression": 0.75}, "palette": {"accent": "#000000", "neutral": "#64748B", "primary": "#0f14a9", "secondary": "#090C63"}, "version": 2, "logo_usage": {"allow_monochrome": true}, "typography": {"body_font": "sans_clean", "headline_font": "rounded_bold"}, "positioning": "O melhor preço de medicamentos e a melhor entrega da região.", "visual_seed": "f93fa732-c339-4af8-b45d-1748369ae669", "visual_style": "bold", "tone_of_voice": "friendly", "image_treatment": {"filter": "high_contrast", "warmth": -0.15, "contrast": 0.1, "saturation": 0}, "brand_temperature": "cool", "background_treatment": {"style": "geometric_bold", "intensity": "expressive"}}	{"id": "split", "zones": {"cta_area": {"h": 92, "w": 440, "x": 580, "y": 1070}, "text_area": {"h": 500, "w": 440, "x": 580, "y": 250}, "price_area": {"h": 105, "w": 440, "x": 580, "y": 920}, "branding_area": {"h": 100, "w": 440, "x": 580, "y": 90}, "content_image": {"h": 1350, "w": 540, "x": 0, "y": 0}}, "version": 1}	\N	{}	1	\N
b1249eb0-27b2-44da-a396-5af2864bd355	283410f0-39a0-44ea-b9d1-2a3a8ddcb3d3	Cerveja Heineken 600ml	8.99	jovens_festa	promocao	https://efxiupkxtvhbekyorddn.supabase.co/storage/v1/object/sign/campaign-images/stores/283410f0-39a0-44ea-b9d1-2a3a8ddcb3d3/campaigns/b1249eb0-27b2-44da-a396-5af2864bd355/art-1775665643076.png?token=eyJraWQiOiJzdG9yYWdlLXVybC1zaWduaW5nLWtleV9kMGRjNWU1Zi02MzNmLTRmZDMtOGFmZi0yMzVmNGQxZThjNjIiLCJhbGciOiJIUzI1NiJ9.eyJ1cmwiOiJjYW1wYWlnbi1pbWFnZXMvc3RvcmVzLzI4MzQxMGYwLTM5YTAtNDRlYS1iOWQxLTJhM2E4ZGRjYjNkMy9jYW1wYWlnbnMvYjEyNDllYjAtMjdiMi00NGRhLWEzOTYtNWFmMjg2NGJkMzU1L2FydC0xNzc1NjY1NjQzMDc2LnBuZyIsImlhdCI6MTc3NTY2NTY0NCwiZXhwIjoxNzc1NjY5MjQ0fQ.sxRtnVPmUmgP05zLn9OkByAuwKYsPlcJITh_imD5Z98	Heineken a R$8,99!		\N	approved	2026-04-08 15:33:57.06921	Sua festa merece essa gelada!	🤩 Olha só, galera de Anápolis! A Heineken 600ml tá saindo por apenas R$8,99! 🍻 Não deixa sua festa de lado, hein? Chama os amigos e garante a sua! #Festa #Gelada #Heineken	#Anápolis #AdegaMestreDasGeladas #Cerveja	Garantir a minha	2026-04-08 16:27:25.633+00	\N	\N	\N	\N	\N	\N	\N	\N	\N	\N	medio	\N	product	https://efxiupkxtvhbekyorddn.supabase.co/storage/v1/object/sign/campaign-images/stores/283410f0-39a0-44ea-b9d1-2a3a8ddcb3d3/products/1775662433812_heinecken_600.jpg?token=eyJraWQiOiJzdG9yYWdlLXVybC1zaWduaW5nLWtleV9kMGRjNWU1Zi02MzNmLTRmZDMtOGFmZi0yMzVmNGQxZThjNjIiLCJhbGciOiJIUzI1NiJ9.eyJ1cmwiOiJjYW1wYWlnbi1pbWFnZXMvc3RvcmVzLzI4MzQxMGYwLTM5YTAtNDRlYS1iOWQxLTJhM2E4ZGRjYjNkMy9wcm9kdWN0cy8xNzc1NjYyNDMzODEyX2hlaW5lY2tlbl82MDAuanBnIiwiaWF0IjoxNzc1NjY1NjM2LCJleHAiOjE3NzU2NjkyMzZ9.mrITzJDRjXw9BIqE6l-g3WGLON8xDYRjnPXrjsw6QUk	manual	\N	both	approved	none	\N	{"config": {"visual_aggression": 0.4}, "palette": {"accent": "#000000", "neutral": "#78716C", "primary": "#b76d06", "secondary": "#E8A03B"}, "version": 2, "logo_usage": {"allow_monochrome": true}, "typography": {"body_font": "sans_clean", "headline_font": "serif_elegant"}, "positioning": "Aqui a sua festa é muito melhor!", "visual_seed": "283410f0-39a0-44ea-b9d1-2a3a8ddcb3d3", "visual_style": "luxury", "tone_of_voice": "premium", "image_treatment": {"filter": "warm", "warmth": 0.15, "contrast": 0.05, "saturation": 0}, "brand_temperature": "warm", "background_treatment": {"style": "editorial_shadow", "intensity": "balanced"}}	{"id": "split", "zones": {"cta_area": {"h": 92, "w": 440, "x": 580, "y": 1070}, "text_area": {"h": 500, "w": 440, "x": 580, "y": 250}, "price_area": {"h": 105, "w": 440, "x": 580, "y": 920}, "branding_area": {"h": 100, "w": 440, "x": 580, "y": 90}, "content_image": {"h": 1350, "w": 540, "x": 0, "y": 0}}, "version": 1}	\N	{}	1	\N
2e61a3df-db19-48f8-a0ed-4fe5cf838ca6	ce0dca03-b43d-4aab-ac2c-e1177628aa4e	Acupuntura a Domicílio	100	terceira_idade	novidade	\N	Acupuntura a Domicílio	Aplicação de acupuntura e moxaterapia a domicílio, em toda Ibirama, com o objetivo de trazer bem estar e cuidados a saúde.	\N	ready	2026-03-25 23:44:59.303954	Bem-estar e cuidados na sua casa!	🤗 Olha só, Ibirama! A acupuntura chegou na sua casa! 💆‍♂️✨ Traga mais saúde e conforto pra sua rotina. Quem tá precisando? 👵👴 #Acupuntura #Saúde #Ibirama	#Acupuntura #Saúde #Ibirama	Garantir a minha	2026-03-25 23:45:05.331+00			\N	\N	\N	\N				\N	medio	\N	service	\N	manual	\N	both	ready	none	\N	\N	\N	\N	{}	1	\N
35557021-68fe-434a-9cfc-90233aca34b0	a4ec68e3-725a-4e0b-86e6-4ed755eaa82d	Pascoa	25	mulheres	engajamento	\N	Páscoa Chegando!	\N	\N	ready	2026-03-25 23:53:29.053787	Transforme sua decoração com delicadeza.	A Páscoa tá batendo na porta, minha gente! 🐣✨ Venha deixar sua casa mais charmosa com nossos itens especiais! E não esquece: as flores e velas também estão aqui pra complementar! 💐🕯️ Garantir a minha! 👇	#Páscoa #Decoração #CaeguhAteliê	Garantir a minha	2026-03-25 23:53:34.325+00	Pare tudo e descubra a sua Páscoa!	Você sabia que a Páscoa é a melhor época do ano para presentear quem você ama? Aqui no Caeguh Ateliê, temos a sua Páscoa perfeita! Olha só essa delícia! Feita com carinho e qualidade. E o melhor, por apenas R$25! Não perca a oportunidade de adoçar a vida de alguém especial. Vem garantir a sua!	[{"scene": 1, "action": "Lojista segurando um ovo de Páscoa", "camera": "POV", "dialogue": "Olha só essa delícia que eu trouxe pra vocês!"}, {"scene": 2, "action": "Foco no detalhe do ovo de Páscoa", "camera": "close-up", "dialogue": "Olha a textura e o acabamento!"}, {"scene": 3, "action": "Produto em destaque na vitrine", "camera": "ambiente", "dialogue": "Essa é a sua chance de surpreender!"}]	["A sua Páscoa chegou!", "Delícias que encantam!", "Só R$25!"]	Trilha animada e alegre	25	A sua Páscoa tá aqui! 🐰🍫 Vem garantir a sua delícia por apenas R$25! #Páscoa #CaeguhAteliê #Ibirama	Garanta já a sua Páscoa!	#Páscoa #CaeguhAteliê #Ibirama	2026-03-25 23:53:45.165+00	familia	\N	product	\N	manual	\N	both	ready	ready	\N	\N	\N	\N	{}	1	\N
b0ebad1d-ae28-4db8-98a2-738db9d26b4b	f93fa732-c339-4af8-b45d-1748369ae669	Farinha de trigo 5k	14.9	geral	promocao	https://efxiupkxtvhbekyorddn.supabase.co/storage/v1/object/public/campaign-images/stores/f93fa732-c339-4af8-b45d-1748369ae669/campaigns/b0ebad1d-ae28-4db8-98a2-738db9d26b4b/art-1775668453587.png	Farinha de Trigo a R$14,90!	\N	\N	approved	2026-04-08 17:14:05.295169	A base perfeita para suas receitas de Páscoa.	🐰 A Páscoa tá chegando, e a sua receita merece a melhor farinha! Vem garantir a sua na Mercearia da Maria! 🌾✨ #Ibirama #Páscoa #FarinhaDeTrigo	#Páscoa #MerceariaDaMaria #Ibirama	Garantir a minha	2026-04-08 17:14:10.487+00	\N	\N	\N	\N	\N	\N	\N	\N	\N	\N	popular	\N	product	https://efxiupkxtvhbekyorddn.supabase.co/storage/v1/object/sign/campaign-images/stores/f93fa732-c339-4af8-b45d-1748369ae669/products/1775668441797_trigo.jpg?token=eyJraWQiOiJzdG9yYWdlLXVybC1zaWduaW5nLWtleV9kMGRjNWU1Zi02MzNmLTRmZDMtOGFmZi0yMzVmNGQxZThjNjIiLCJhbGciOiJIUzI1NiJ9.eyJ1cmwiOiJjYW1wYWlnbi1pbWFnZXMvc3RvcmVzL2Y5M2ZhNzMyLWMzMzktNGFmOC1iNDVkLTE3NDgzNjlhZTY2OS9wcm9kdWN0cy8xNzc1NjY4NDQxNzk3X3RyaWdvLmpwZyIsImlhdCI6MTc3NTY2ODQ0MSwiZXhwIjoxNzc1NjcyMDQxfQ.ZzG2sTjyREH9BfvIAYQ3XFtCNqlkMrRArt303P0H_90	manual	\N	both	approved	none	\N	{"config": {"visual_aggression": 0.75}, "palette": {"accent": "#000000", "neutral": "#64748B", "primary": "#0f14a9", "secondary": "#090C63"}, "version": 2, "logo_usage": {"allow_monochrome": true}, "typography": {"body_font": "sans_clean", "headline_font": "rounded_bold"}, "positioning": "O melhor preço de medicamentos e a melhor entrega da região.", "visual_seed": "f93fa732-c339-4af8-b45d-1748369ae669", "visual_style": "bold", "tone_of_voice": "friendly", "image_treatment": {"filter": "high_contrast", "warmth": -0.15, "contrast": 0.1, "saturation": 0}, "brand_temperature": "cool", "background_treatment": {"style": "geometric_bold", "intensity": "expressive"}}	{"id": "split", "zones": {"cta_area": {"h": 92, "w": 440, "x": 580, "y": 1070}, "text_area": {"h": 500, "w": 440, "x": 580, "y": 250}, "price_area": {"h": 105, "w": 440, "x": 580, "y": 920}, "branding_area": {"h": 100, "w": 440, "x": 580, "y": 90}, "content_image": {"h": 1350, "w": 540, "x": 0, "y": 0}}, "version": 1}	\N	{}	1	\N
84b3c0b7-5518-469b-adc0-8c51bce4e6dc	e36fa482-3d4d-464f-92e5-bbd73b2f37ea	Arranjo Com Carinho	149.9	geral	novidade	https://efxiupkxtvhbekyorddn.supabase.co/storage/v1/object/sign/campaign-images/stores/e36fa482-3d4d-464f-92e5-bbd73b2f37ea/campaigns/84b3c0b7-5518-469b-adc0-8c51bce4e6dc/art-1774632026431.png?token=eyJraWQiOiJzdG9yYWdlLXVybC1zaWduaW5nLWtleV9kMGRjNWU1Zi02MzNmLTRmZDMtOGFmZi0yMzVmNGQxZThjNjIiLCJhbGciOiJIUzI1NiJ9.eyJ1cmwiOiJjYW1wYWlnbi1pbWFnZXMvc3RvcmVzL2UzNmZhNDgyLTNkNGQtNDY0Zi05MmU1LWJiZDczYjJmMzdlYS9jYW1wYWlnbnMvODRiM2MwYjctNTUxOC00NjliLWFkYzAtOGM1MWJjZTRlNmRjL2FydC0xNzc0NjMyMDI2NDMxLnBuZyIsImlhdCI6MTc3NDYzMjAzMCwiZXhwIjoxNzc0NjM1NjMwfQ.h8zzga_8s9by3iriUQMLsyiruYSibZSLLR0XT5S-ewE	Arranjo Com Carinho 💐	Encante quem você ama com esse lindo arranjo com flores diversas.	\N	approved	2026-03-25 20:35:03.334359	Encante quem você ama neste feriado!	Olha só esse arranjo incrível pra Páscoa! 🐰🌷 Deixe seu amor ainda mais especial! Chama aqui pra garantir o seu! ❤️ #FloriculturaSP #ArranjoComCarinho #Flores	#ArranjoComCarinho #Flores #Páscoa	Garantir o meu	2026-03-27 17:20:30.209+00	\N	\N	\N	\N	\N	\N	\N	\N	\N	\N	medio	\N	product	https://efxiupkxtvhbekyorddn.supabase.co/storage/v1/object/sign/campaign-images/uploads/589c8951-603f-4fd6-9309-9e0a26f11885/products/1774631992372_arranjo_floral.jpg?token=eyJraWQiOiJzdG9yYWdlLXVybC1zaWduaW5nLWtleV9kMGRjNWU1Zi02MzNmLTRmZDMtOGFmZi0yMzVmNGQxZThjNjIiLCJhbGciOiJIUzI1NiJ9.eyJ1cmwiOiJjYW1wYWlnbi1pbWFnZXMvdXBsb2Fkcy81ODljODk1MS02MDNmLTRmZDYtOTMwOS05ZTBhMjZmMTE4ODUvcHJvZHVjdHMvMTc3NDYzMTk5MjM3Ml9hcnJhbmpvX2Zsb3JhbC5qcGciLCJpYXQiOjE3NzQ2MzIwMDUsImV4cCI6MTc3NDYzNTYwNX0._pWXFgS97Ln_ts84efwLsn5htLHvhBny6XP2J9016-g	manual	\N	both	approved	none	\N	\N	\N	\N	{}	1	\N
082d2f80-b845-4bed-a3d4-ebd317bef59a	283410f0-39a0-44ea-b9d1-2a3a8ddcb3d3	Cerveja Artesanal 375ml	8.99	premium_exigente	novidade	https://efxiupkxtvhbekyorddn.supabase.co/storage/v1/object/public/campaign-images/stores/283410f0-39a0-44ea-b9d1-2a3a8ddcb3d3/campaigns/082d2f80-b845-4bed-a3d4-ebd317bef59a/art-1774891505694.png	Cerveja Artesanal é Aqui!	\N	\N	approved	2026-03-30 17:24:53.380259	Sua festa merece a melhor refrescância!	🎉 E aí, Anápolis! A Páscoa tá chegando e a gente tem a Cerveja Artesanal 375ml pra deixar sua celebração ainda mais gelada! 🍻 Vem garantir a sua e surpreender os amigos! 🐰✨	#CervejaArtesanal #AdegaMestreDasGeladas #Páscoa	Garantir a minha	2026-03-30 17:24:57.82+00	\N	\N	\N	\N	\N	\N	\N	\N	\N	\N	premium	\N	product	https://efxiupkxtvhbekyorddn.supabase.co/storage/v1/object/sign/campaign-images/stores/283410f0-39a0-44ea-b9d1-2a3a8ddcb3d3/products/1774891490645_before-adega.png?token=eyJraWQiOiJzdG9yYWdlLXVybC1zaWduaW5nLWtleV9kMGRjNWU1Zi02MzNmLTRmZDMtOGFmZi0yMzVmNGQxZThjNjIiLCJhbGciOiJIUzI1NiJ9.eyJ1cmwiOiJjYW1wYWlnbi1pbWFnZXMvc3RvcmVzLzI4MzQxMGYwLTM5YTAtNDRlYS1iOWQxLTJhM2E4ZGRjYjNkMy9wcm9kdWN0cy8xNzc0ODkxNDkwNjQ1X2JlZm9yZS1hZGVnYS5wbmciLCJpYXQiOjE3NzQ4OTE0OTAsImV4cCI6MTc3NDg5NTA5MH0.Qh3OBbLA7BhW6xkBDkQdw-lK-wg1IAvAU_abgzGTz7Q	manual	\N	both	approved	none	\N	\N	\N	\N	{}	1	\N
66bf981e-eebf-4d31-9670-3153d1535c00	a4ec68e3-725a-4e0b-86e6-4ed755eaa82d	Páscoa 	25	mulheres	sazonal	https://efxiupkxtvhbekyorddn.supabase.co/storage/v1/object/sign/campaign-images/stores/a4ec68e3-725a-4e0b-86e6-4ed755eaa82d/campaigns/66bf981e-eebf-4d31-9670-3153d1535c00/art-1774484839642.png?token=eyJraWQiOiJzdG9yYWdlLXVybC1zaWduaW5nLWtleV9kMGRjNWU1Zi02MzNmLTRmZDMtOGFmZi0yMzVmNGQxZThjNjIiLCJhbGciOiJIUzI1NiJ9.eyJ1cmwiOiJjYW1wYWlnbi1pbWFnZXMvc3RvcmVzL2E0ZWM2OGUzLTcyNWEtNGUwYi04NmU2LTRlZDc1NWVhYTgyZC9jYW1wYWlnbnMvNjZiZjk4MWUtZWViZi00ZDMxLTk2NzAtMzE1M2QxNTM1YzAwL2FydC0xNzc0NDg0ODM5NjQyLnBuZyIsImlhdCI6MTc3NDQ4NDg0MCwiZXhwIjoxNzc0NDg4NDQwfQ.HEbDcggrhkS3XWFOdREKHUWZBHzHklReBcHm2rAxucg	Páscoa Deliciosa! 🐰	\N	\N	approved	2026-03-26 00:25:18.228718	Surpreenda com nossos produtos incríveis! 🎉	Oi, minha gente! A Páscoa tá chegando e com ela, a oportunidade de deixar a sua celebração ainda mais especial! 🌼 Garanta a sua peça exclusiva do Caeguh ateliê e faça essa data brilhar! #Páscoa #Ibirama #Ateliê	#Páscoa #AteliêCaeguh #CosturaCriativa	Garantir a minha	2026-03-26 00:27:21.155+00	\N	\N	\N	\N	\N	\N	\N	\N	\N	\N	familia	\N	product	https://efxiupkxtvhbekyorddn.supabase.co/storage/v1/object/sign/campaign-images/stores/a4ec68e3-725a-4e0b-86e6-4ed755eaa82d/products/1774484710901_IMG_9318.jpeg?token=eyJraWQiOiJzdG9yYWdlLXVybC1zaWduaW5nLWtleV9kMGRjNWU1Zi02MzNmLTRmZDMtOGFmZi0yMzVmNGQxZThjNjIiLCJhbGciOiJIUzI1NiJ9.eyJ1cmwiOiJjYW1wYWlnbi1pbWFnZXMvc3RvcmVzL2E0ZWM2OGUzLTcyNWEtNGUwYi04NmU2LTRlZDc1NWVhYTgyZC9wcm9kdWN0cy8xNzc0NDg0NzEwOTAxX0lNR185MzE4LmpwZWciLCJpYXQiOjE3NzQ0ODQ4MzIsImV4cCI6MTc3NDQ4ODQzMn0.Mm4XL99q-fWET2hdw_u3ACxBfmcHRC9klHM_O9c_pvo	manual	\N	both	approved	none	\N	\N	\N	\N	{}	1	\N
53fd623f-f543-4cad-b66d-f691a529f3ad	e36fa482-3d4d-464f-92e5-bbd73b2f37ea	Serviços exclusivos	0	geral	visitas	https://efxiupkxtvhbekyorddn.supabase.co/storage/v1/object/sign/campaign-images/stores/e36fa482-3d4d-464f-92e5-bbd73b2f37ea/campaigns/53fd623f-f543-4cad-b66d-f691a529f3ad/art-1774494031677.png?token=eyJraWQiOiJzdG9yYWdlLXVybC1zaWduaW5nLWtleV9kMGRjNWU1Zi02MzNmLTRmZDMtOGFmZi0yMzVmNGQxZThjNjIiLCJhbGciOiJIUzI1NiJ9.eyJ1cmwiOiJjYW1wYWlnbi1pbWFnZXMvc3RvcmVzL2UzNmZhNDgyLTNkNGQtNDY0Zi05MmU1LWJiZDczYjJmMzdlYS9jYW1wYWlnbnMvNTNmZDYyM2YtZjU0My00Y2FkLWI2NmQtZjY5MWE1MjlmM2FkL2FydC0xNzc0NDk0MDMxNjc3LnBuZyIsImlhdCI6MTc3NDQ5NDAzMywiZXhwIjoxNzc0NDk3NjMzfQ.6_7oOkfQJDQS7OdRtfaGvmof6Zcg4nuJ639d0uGHN00	Arranjos Exclusivos 🌸	Nossa floricultura cria arranjos exclusivos sob encomenda. Entre em contato, conheça nossa variedade, faça sua escolha e nos deixe te supreender com o resultado	\N	approved	2026-03-26 00:54:41.164691	Crie seu arranjo sob encomenda e se surpreenda!	Aqui na Comercial Teste Beta, cada flor conta uma história! 🌼 Entre em contato e descubra nossa variedade incrível! #FloriculturaSP #ArranjosFlorais #BelezaNatural	#Exclusividade #Floricultura #SãoPaulo	Chamar no Whats	2026-03-26 03:00:33.262+00			\N	\N	\N	\N				\N	familia	\N	info	\N	manual	\N	both	approved	none	\N	\N	\N	\N	{}	1	\N
311bd98a-4bbd-48f9-984d-0a6f75b071ea	e36fa482-3d4d-464f-92e5-bbd73b2f37ea	Novo horário de atendimento	0	geral	novidade	https://efxiupkxtvhbekyorddn.supabase.co/storage/v1/object/sign/campaign-images/stores/e36fa482-3d4d-464f-92e5-bbd73b2f37ea/campaigns/311bd98a-4bbd-48f9-984d-0a6f75b071ea/art-1774494204395.png?token=eyJraWQiOiJzdG9yYWdlLXVybC1zaWduaW5nLWtleV9kMGRjNWU1Zi02MzNmLTRmZDMtOGFmZi0yMzVmNGQxZThjNjIiLCJhbGciOiJIUzI1NiJ9.eyJ1cmwiOiJjYW1wYWlnbi1pbWFnZXMvc3RvcmVzL2UzNmZhNDgyLTNkNGQtNDY0Zi05MmU1LWJiZDczYjJmMzdlYS9jYW1wYWlnbnMvMzExYmQ5OGEtNGJiZC00OGY5LTk4NGQtMGE2Zjc1YjA3MWVhL2FydC0xNzc0NDk0MjA0Mzk1LnBuZyIsImlhdCI6MTc3NDQ5NDIwNSwiZXhwIjoxNzc0NDk3ODA1fQ.S-n3U4nhl6lp8CoWpqCJ8Wm5sSO4Qn_yZFsSYI0pROA	Novo Horário de Atendimento!	A partir da próxima semana estaremos atendo em novo horário:\ndas 08:30 às 17:00h sem fechar para o almoço.\nMais conforto e tranquilidade para suas compras.	\N	approved	2026-03-26 01:54:29.031621	Atenderemos das 08:30 às 17:00h, sem fechar para o almoço. Mais conforto pra você!	🌼 Novidade, galera! Agora a gente tá aqui das 08:30 às 17:00h, sem pausa! Venham conferir! 🌸 #FloriculturaSP #ComercialTesteBeta #FloresParaVocê	#Floricultura #ArranjosFlorais #SãoPaulo	Saber mais	2026-03-26 03:03:25.609+00	\N	\N	\N	\N	\N	\N	\N	\N	\N	\N	popular	\N	info	\N	manual	\N	both	approved	none	\N	\N	\N	\N	{}	1	\N
01b25bb9-c967-4da5-ae9c-95e5942fbf30	e36fa482-3d4d-464f-92e5-bbd73b2f37ea	Surpreenda seu amor nessa Páscoa!	0	jovens_festa	promocao	https://efxiupkxtvhbekyorddn.supabase.co/storage/v1/object/sign/campaign-images/stores/e36fa482-3d4d-464f-92e5-bbd73b2f37ea/campaigns/01b25bb9-c967-4da5-ae9c-95e5942fbf30/art-1774495495873.png?token=eyJraWQiOiJzdG9yYWdlLXVybC1zaWduaW5nLWtleV9kMGRjNWU1Zi02MzNmLTRmZDMtOGFmZi0yMzVmNGQxZThjNjIiLCJhbGciOiJIUzI1NiJ9.eyJ1cmwiOiJjYW1wYWlnbi1pbWFnZXMvc3RvcmVzL2UzNmZhNDgyLTNkNGQtNDY0Zi05MmU1LWJiZDczYjJmMzdlYS9jYW1wYWlnbnMvMDFiMjViYjktYzk2Ny00ZGE1LWFlOWMtOTVlNTk0MmZiZjMwL2FydC0xNzc0NDk1NDk1ODczLnBuZyIsImlhdCI6MTc3NDQ5NTQ5OCwiZXhwIjoxNzc0NDk5MDk4fQ.7KMeFOLIVIfFmbjxcS16XEp-ZVTVqrs9oT416g1oPU0	Surpreenda nessa Páscoa!	Estamos preparando arranjos temáticos especialmente para você surpreender o seu amor nessa Páscoa. Venha conferir!	\N	ready	2026-03-26 03:07:07.365041	Arranjos florais que vão encantar seu amor.	🌸 A Páscoa tá chegando e seu amor merece um toque especial! Vem garantir o seu arranjo floral e fazer essa data inesquecível! 💖 Chama no Whats! 📲	#Páscoa #Flores #Amor	Garantir o meu	2026-03-26 16:24:15.659+00	\N	\N	\N	\N	\N	\N	\N	\N	\N	\N	jovem	\N	info		manual	\N	both	ready	none	\N	\N	\N	\N	{}	1	\N
54ee08f3-918d-4449-9d26-e37b77922ba2	e36fa482-3d4d-464f-92e5-bbd73b2f37ea	Horário especial!	0	geral	sazonal	https://efxiupkxtvhbekyorddn.supabase.co/storage/v1/object/public/campaign-images/stores/e36fa482-3d4d-464f-92e5-bbd73b2f37ea/campaigns/54ee08f3-918d-4449-9d26-e37b77922ba2/art-1774495759889.png	Páscoa com Flores! 🌸	Nessa Páscoa estaremos atendendo em horário especial para sua comodidade:\n\nNo sábada - das 08:00 às 21:00 sem fechar para o almoço.\n\nVenha encantar-se com nossa flores!	\N	ready	2026-03-26 03:27:49.472157	Atendimento especial das 08h às 21h. Venha se encantar!	Aqui na Comercial Teste Beta, a Páscoa fica ainda mais linda com nossas flores! 🌼💖 Vem garantir o seu arranjo especial! Chama no Whats! 📲	#Páscoa #Flores #SãoPaulo	Garantir o meu	2026-03-26 17:48:06.066+00	\N	\N	\N	\N	\N	\N	\N	\N	\N	\N	premium	\N	info		manual	\N	both	ready	none	\N	\N	\N	\N	{}	1	\N
5e5c3e64-e021-4bea-a359-686e53e0cc0b	f93fa732-c339-4af8-b45d-1748369ae669	Farinha de trigo 5k	14.9	familia	promocao	https://efxiupkxtvhbekyorddn.supabase.co/storage/v1/object/sign/campaign-images/stores/f93fa732-c339-4af8-b45d-1748369ae669/campaigns/5e5c3e64-e021-4bea-a359-686e53e0cc0b/art-1775666410325.png?token=eyJraWQiOiJzdG9yYWdlLXVybC1zaWduaW5nLWtleV9kMGRjNWU1Zi02MzNmLTRmZDMtOGFmZi0yMzVmNGQxZThjNjIiLCJhbGciOiJIUzI1NiJ9.eyJ1cmwiOiJjYW1wYWlnbi1pbWFnZXMvc3RvcmVzL2Y5M2ZhNzMyLWMzMzktNGFmOC1iNDVkLTE3NDgzNjlhZTY2OS9jYW1wYWlnbnMvNWU1YzNlNjQtZTAyMS00YmVhLWEzNTktNjg2ZTUzZTBjYzBiL2FydC0xNzc1NjY2NDEwMzI1LnBuZyIsImlhdCI6MTc3NTY2NjQxMCwiZXhwIjoxNzc1NjcwMDEwfQ.9pXpmSDeWXIVCI5nixZIJUeAvVBTo5BGsb4szH-scq8	Sua Páscoa mais gostosa!		\N	approved	2026-04-08 15:35:25.156146	Farinha de trigo 5kg por apenas R$14,90.	🐰🌾 A Páscoa tá chegando e com ela, a hora de fazer aquele bolinho delicioso! Garantiu a sua farinha? Aqui na Mercearia da Maria, o preço é imbatível! Chama no Whats e reserva a sua! 📲💚	#Páscoa #FarinhaDeTrigo #MerceariaDaMaria	Reservar agora	2026-04-08 16:40:12.143+00	\N	\N	\N	\N	\N	\N	\N	\N	\N	\N	medio	\N	product	https://efxiupkxtvhbekyorddn.supabase.co/storage/v1/object/sign/campaign-images/stores/f93fa732-c339-4af8-b45d-1748369ae669/products/1775662522178_trigo.jpg?token=eyJraWQiOiJzdG9yYWdlLXVybC1zaWduaW5nLWtleV9kMGRjNWU1Zi02MzNmLTRmZDMtOGFmZi0yMzVmNGQxZThjNjIiLCJhbGciOiJIUzI1NiJ9.eyJ1cmwiOiJjYW1wYWlnbi1pbWFnZXMvc3RvcmVzL2Y5M2ZhNzMyLWMzMzktNGFmOC1iNDVkLTE3NDgzNjlhZTY2OS9wcm9kdWN0cy8xNzc1NjYyNTIyMTc4X3RyaWdvLmpwZyIsImlhdCI6MTc3NTY2NjQwMSwiZXhwIjoxNzc1NjcwMDAxfQ.UQUU9fEqmFtI378-q99kWWeJ8NmwiWg_gniHYoiC_zc	manual	\N	both	approved	none	\N	{"config": {"visual_aggression": 0.75}, "palette": {"accent": "#000000", "neutral": "#64748B", "primary": "#0f14a9", "secondary": "#090C63"}, "version": 2, "logo_usage": {"allow_monochrome": true}, "typography": {"body_font": "sans_clean", "headline_font": "rounded_bold"}, "positioning": "O melhor preço de medicamentos e a melhor entrega da região.", "visual_seed": "f93fa732-c339-4af8-b45d-1748369ae669", "visual_style": "bold", "tone_of_voice": "friendly", "image_treatment": {"filter": "high_contrast", "warmth": -0.15, "contrast": 0.1, "saturation": 0}, "brand_temperature": "cool", "background_treatment": {"style": "geometric_bold", "intensity": "expressive"}}	{"id": "split", "zones": {"cta_area": {"h": 92, "w": 440, "x": 580, "y": 1070}, "text_area": {"h": 500, "w": 440, "x": 580, "y": 250}, "price_area": {"h": 105, "w": 440, "x": 580, "y": 920}, "branding_area": {"h": 100, "w": 440, "x": 580, "y": 90}, "content_image": {"h": 1350, "w": 540, "x": 0, "y": 0}}, "version": 1}	\N	{}	1	\N
7e43d902-85b9-4d26-ac4d-ef4cb05cc05b	283410f0-39a0-44ea-b9d1-2a3a8ddcb3d3	Pão Francês kg	9.99	geral	visitas	https://efxiupkxtvhbekyorddn.supabase.co/storage/v1/object/sign/campaign-images/stores/283410f0-39a0-44ea-b9d1-2a3a8ddcb3d3/campaigns/7e43d902-85b9-4d26-ac4d-ef4cb05cc05b/art-1774566888090.png?token=eyJraWQiOiJzdG9yYWdlLXVybC1zaWduaW5nLWtleV9kMGRjNWU1Zi02MzNmLTRmZDMtOGFmZi0yMzVmNGQxZThjNjIiLCJhbGciOiJIUzI1NiJ9.eyJ1cmwiOiJjYW1wYWlnbi1pbWFnZXMvc3RvcmVzLzI4MzQxMGYwLTM5YTAtNDRlYS1iOWQxLTJhM2E4ZGRjYjNkMy9jYW1wYWlnbnMvN2U0M2Q5MDItODViOS00ZDI2LWFjNGQtZWY0Y2IwNWNjMDViL2FydC0xNzc0NTY2ODg4MDkwLnBuZyIsImlhdCI6MTc3NDU2Njg4OSwiZXhwIjoxNzc0NTcwNDg5fQ.aLyPbHQx9X4Qlzh4CS7FEQn_84F02k2p_0CbXOviMDA	Pão Francês Fresquinho!	O melhor pão francês da cidade você encontra aqui sempre fresquinho!	\N	approved	2026-03-26 23:09:34.290717	O melhor da cidade sempre na sua mesa.	Só aqui na Padaria da Esquina, o pão francês mais fresquinho de Macapá! 🥖 Venha garantir o seu e aproveite o sabor! #PãoQuentinho #Macapá #PadariaDaEsquina	#PãoFrancês #Fresquinho #Macapá	Garantir o meu	2026-03-26 23:14:49.81+00	\N	\N	\N	\N	\N	\N	\N	\N	\N	\N	familia	\N	product	https://efxiupkxtvhbekyorddn.supabase.co/storage/v1/object/sign/campaign-images/stores/283410f0-39a0-44ea-b9d1-2a3a8ddcb3d3/products/1774566569392_p_o_franc_s.jpg?token=eyJraWQiOiJzdG9yYWdlLXVybC1zaWduaW5nLWtleV9kMGRjNWU1Zi02MzNmLTRmZDMtOGFmZi0yMzVmNGQxZThjNjIiLCJhbGciOiJIUzI1NiJ9.eyJ1cmwiOiJjYW1wYWlnbi1pbWFnZXMvc3RvcmVzLzI4MzQxMGYwLTM5YTAtNDRlYS1iOWQxLTJhM2E4ZGRjYjNkMy9wcm9kdWN0cy8xNzc0NTY2NTY5MzkyX3Bfb19mcmFuY19zLmpwZyIsImlhdCI6MTc3NDU2Njg4NiwiZXhwIjoxNzc0NTcwNDg2fQ.YjWQKbpe8MKIl0yuUFKUktxy96uxp-3mhhHVV_o1mTE	manual	\N	both	approved	none	\N	\N	\N	\N	{}	1	\N
16ec341d-cdf4-4c83-bcc6-0bf25acd4aca	283410f0-39a0-44ea-b9d1-2a3a8ddcb3d3	Cerveja Artesanal 375ml	8.99	premium_exigente	novidade	https://efxiupkxtvhbekyorddn.supabase.co/storage/v1/object/public/campaign-images/stores/283410f0-39a0-44ea-b9d1-2a3a8ddcb3d3/campaigns/16ec341d-cdf4-4c83-bcc6-0bf25acd4aca/art-1774898210249.png	A Cerveja que Faltava!	\N	\N	approved	2026-03-30 19:16:36.88208	Sua festa merece a melhor cerveja artesanal!	Chegou a hora de dar um upgrade na sua comemoração! 🍻 A Cerveja Artesanal 375ml tá aqui pra garantir o sabor que você e os amigos merecem! Vem pra Mestre das Geladas e garanta a sua! 📲🥳	#CervejaArtesanal #MestreDasGeladas #Anápolis	Garantir a minha	2026-03-30 19:16:41.686+00	\N	\N	\N	\N	\N	\N	\N	\N	\N	\N	premium	\N	product	https://efxiupkxtvhbekyorddn.supabase.co/storage/v1/object/sign/campaign-images/stores/283410f0-39a0-44ea-b9d1-2a3a8ddcb3d3/products/1774898191772_before-adega.png?token=eyJraWQiOiJzdG9yYWdlLXVybC1zaWduaW5nLWtleV9kMGRjNWU1Zi02MzNmLTRmZDMtOGFmZi0yMzVmNGQxZThjNjIiLCJhbGciOiJIUzI1NiJ9.eyJ1cmwiOiJjYW1wYWlnbi1pbWFnZXMvc3RvcmVzLzI4MzQxMGYwLTM5YTAtNDRlYS1iOWQxLTJhM2E4ZGRjYjNkMy9wcm9kdWN0cy8xNzc0ODk4MTkxNzcyX2JlZm9yZS1hZGVnYS5wbmciLCJpYXQiOjE3NzQ4OTgxOTMsImV4cCI6MTc3NDkwMTc5M30.cJMdPI-VKpMdl8Oa9ihbxnsPzTd-20Wzr_FVipCWPR8	manual	\N	both	approved	none	\N	\N	\N	\N	{}	1	\N
15b497c1-0093-4fb3-a043-9e0625020889	f93fa732-c339-4af8-b45d-1748369ae669	Farinha de trigo 5k	14.99	geral	promocao	https://efxiupkxtvhbekyorddn.supabase.co/storage/v1/object/public/campaign-images/stores/f93fa732-c339-4af8-b45d-1748369ae669/campaigns/15b497c1-0093-4fb3-a043-9e0625020889/art-1775666448619.png	Farinha de Trigo 5kg a R$14,99	\N	\N	approved	2026-04-08 16:40:36.809027	A base perfeita pra suas receitas de Páscoa!	Ei, Ibirama! 🍞 Quer surpreender nesta Páscoa? A farinha de trigo 5kg da Mercearia da Maria tá imperdível! Preço bom e entrega rápida! 🛒✨ Garantir a minha!	#Páscoa #Receitas #MerceariaDaMaria	Garantir a minha	2026-04-08 16:40:44.196+00	\N	\N	\N	\N	\N	\N	\N	\N	\N	\N	popular	\N	product	https://efxiupkxtvhbekyorddn.supabase.co/storage/v1/object/sign/campaign-images/stores/f93fa732-c339-4af8-b45d-1748369ae669/products/1775666434193_trigo.jpg?token=eyJraWQiOiJzdG9yYWdlLXVybC1zaWduaW5nLWtleV9kMGRjNWU1Zi02MzNmLTRmZDMtOGFmZi0yMzVmNGQxZThjNjIiLCJhbGciOiJIUzI1NiJ9.eyJ1cmwiOiJjYW1wYWlnbi1pbWFnZXMvc3RvcmVzL2Y5M2ZhNzMyLWMzMzktNGFmOC1iNDVkLTE3NDgzNjlhZTY2OS9wcm9kdWN0cy8xNzc1NjY2NDM0MTkzX3RyaWdvLmpwZyIsImlhdCI6MTc3NTY2NjQzMywiZXhwIjoxNzc1NjcwMDMzfQ.vN-5KWuRFR35pcSp63yg0gxsSkMJbSlLqlQy9psNDZg	manual	\N	both	approved	none	\N	{"config": {"visual_aggression": 0.75}, "palette": {"accent": "#000000", "neutral": "#64748B", "primary": "#0f14a9", "secondary": "#090C63"}, "version": 2, "logo_usage": {"allow_monochrome": true}, "typography": {"body_font": "sans_clean", "headline_font": "rounded_bold"}, "positioning": "O melhor preço de medicamentos e a melhor entrega da região.", "visual_seed": "f93fa732-c339-4af8-b45d-1748369ae669", "visual_style": "bold", "tone_of_voice": "friendly", "image_treatment": {"filter": "high_contrast", "warmth": -0.15, "contrast": 0.1, "saturation": 0}, "brand_temperature": "cool", "background_treatment": {"style": "geometric_bold", "intensity": "expressive"}}	{"id": "split", "zones": {"cta_area": {"h": 92, "w": 440, "x": 580, "y": 1070}, "text_area": {"h": 500, "w": 440, "x": 580, "y": 250}, "price_area": {"h": 105, "w": 440, "x": 580, "y": 920}, "branding_area": {"h": 100, "w": 440, "x": 580, "y": 90}, "content_image": {"h": 1350, "w": 540, "x": 0, "y": 0}}, "version": 1}	\N	{}	1	\N
b1ff3c81-b723-4027-9e70-3845a65aae4d	283410f0-39a0-44ea-b9d1-2a3a8ddcb3d3	Pão francês	11.99	geral	engajamento	https://efxiupkxtvhbekyorddn.supabase.co/storage/v1/object/sign/campaign-images/stores/283410f0-39a0-44ea-b9d1-2a3a8ddcb3d3/campaigns/b1ff3c81-b723-4027-9e70-3845a65aae4d/art-1774661758685.png?token=eyJraWQiOiJzdG9yYWdlLXVybC1zaWduaW5nLWtleV9kMGRjNWU1Zi02MzNmLTRmZDMtOGFmZi0yMzVmNGQxZThjNjIiLCJhbGciOiJIUzI1NiJ9.eyJ1cmwiOiJjYW1wYWlnbi1pbWFnZXMvc3RvcmVzLzI4MzQxMGYwLTM5YTAtNDRlYS1iOWQxLTJhM2E4ZGRjYjNkMy9jYW1wYWlnbnMvYjFmZjNjODEtYjcyMy00MDI3LTllNzAtMzg0NWE2NWFhZTRkL2FydC0xNzc0NjYxNzU4Njg1LnBuZyIsImlhdCI6MTc3NDY2MTc1OSwiZXhwIjoxNzc0NjY1MzU5fQ.0oPqMwi5Mk8h7tng4ESrQLH9pjDzSqfmfiJU3kO9_ls	Pão Francês Quentinho!	\N	\N	approved	2026-03-27 01:32:52.815111	O melhor pão da cidade por apenas R$11,99.	Bora garantir o seu pão francês fresquinho, mermão! 🍞✨ Aqui na Padaria da Esquina, o sabor tá garantido! Não perde tempo! #Macapá #PãoFresco #PadariaDaEsquina	#PãoFrancês #Macapá #Padaria	Garantir o meu	2026-03-28 01:36:00.178+00	\N	\N	\N	\N	\N	\N	\N	\N	\N	\N	familia	\N	product	https://efxiupkxtvhbekyorddn.supabase.co/storage/v1/object/sign/campaign-images/stores/283410f0-39a0-44ea-b9d1-2a3a8ddcb3d3/products/1774575168998_p_o_franc_s.jpg?token=eyJraWQiOiJzdG9yYWdlLXVybC1zaWduaW5nLWtleV9kMGRjNWU1Zi02MzNmLTRmZDMtOGFmZi0yMzVmNGQxZThjNjIiLCJhbGciOiJIUzI1NiJ9.eyJ1cmwiOiJjYW1wYWlnbi1pbWFnZXMvc3RvcmVzLzI4MzQxMGYwLTM5YTAtNDRlYS1iOWQxLTJhM2E4ZGRjYjNkMy9wcm9kdWN0cy8xNzc0NTc1MTY4OTk4X3Bfb19mcmFuY19zLmpwZyIsImlhdCI6MTc3NDY2MTc0NiwiZXhwIjoxNzc0NjY1MzQ2fQ.Q8AqGEvPA-US6sdpNw7IN82g4ncuuXD0b6kGXGLBObc	manual	\N	both	approved	none	\N	\N	\N	\N	{}	1	\N
400c5656-d34e-4730-865c-00770929f94e	283410f0-39a0-44ea-b9d1-2a3a8ddcb3d3	Cerveja Artesanal 375ml	8.99	premium_exigente	novidade	https://efxiupkxtvhbekyorddn.supabase.co/storage/v1/object/public/campaign-images/stores/283410f0-39a0-44ea-b9d1-2a3a8ddcb3d3/campaigns/400c5656-d34e-4730-865c-00770929f94e/art-1774892871132.png	Sua festa pede essa!	\N	\N	approved	2026-03-30 17:47:37.820998	A Cerveja Artesanal 375ml chegou pra surpreender.	🍻 Vem cá, Anápolis! A festa fica muito melhor com a nossa Cerveja Artesanal! Garanta a sua e faça sucesso! 🎉 #AdegaMestreDasGeladas #CervejaArtesanal #Anápolis	#CervejaArtesanal #FestaMelhor #Anápolis	Garantir a minha	2026-03-30 17:47:43.112+00	\N	\N	\N	\N	\N	\N	\N	\N	\N	\N	premium	\N	product	https://efxiupkxtvhbekyorddn.supabase.co/storage/v1/object/sign/campaign-images/stores/283410f0-39a0-44ea-b9d1-2a3a8ddcb3d3/products/1774892854914_before-adega.png?token=eyJraWQiOiJzdG9yYWdlLXVybC1zaWduaW5nLWtleV9kMGRjNWU1Zi02MzNmLTRmZDMtOGFmZi0yMzVmNGQxZThjNjIiLCJhbGciOiJIUzI1NiJ9.eyJ1cmwiOiJjYW1wYWlnbi1pbWFnZXMvc3RvcmVzLzI4MzQxMGYwLTM5YTAtNDRlYS1iOWQxLTJhM2E4ZGRjYjNkMy9wcm9kdWN0cy8xNzc0ODkyODU0OTE0X2JlZm9yZS1hZGVnYS5wbmciLCJpYXQiOjE3NzQ4OTI4NTUsImV4cCI6MTc3NDg5NjQ1NX0.CIDmEL94Ec-qKKFePcOfMGcvmBduCM3vm_9I4yD97oA	manual	\N	both	approved	none	\N	\N	\N	\N	{}	1	\N
6335667c-427e-4e15-8786-b230cf4fb0e7	e146f1fb-6ecf-4971-9926-7f1e231f98d0	Cerveja Schin 350ml	2.49	economico	promocao	https://efxiupkxtvhbekyorddn.supabase.co/storage/v1/object/public/campaign-images/stores/e146f1fb-6ecf-4971-9926-7f1e231f98d0/campaigns/6335667c-427e-4e15-8786-b230cf4fb0e7/art-1775867565524.png	Cerveja Schin a R$2,49!	\N	\N	approved	2026-04-11 00:32:11.314164	Sua festa merece essa refrescância!	Aí, tchê! A Cerveja Schin tá saindo por só R$2,49! 🍻 Vem garantir a sua pra animar o rolê! E não esquece, um bom corte e uma gelada não se discutem! ✂️ #JoãoBarber #CervejaSchin #RioDoSul	#Cerveja #Promoção #Barbearia	Garantir a minha	2026-04-11 00:32:18.04+00	\N	\N	\N	\N	\N	\N	\N	\N	\N	\N	popular	\N	product	https://efxiupkxtvhbekyorddn.supabase.co/storage/v1/object/sign/campaign-images/stores/e146f1fb-6ecf-4971-9926-7f1e231f98d0/products/1775867527873_65730c22dddb07d995cdb28e.webp?token=eyJraWQiOiJzdG9yYWdlLXVybC1zaWduaW5nLWtleV9kMGRjNWU1Zi02MzNmLTRmZDMtOGFmZi0yMzVmNGQxZThjNjIiLCJhbGciOiJIUzI1NiJ9.eyJ1cmwiOiJjYW1wYWlnbi1pbWFnZXMvc3RvcmVzL2UxNDZmMWZiLTZlY2YtNDk3MS05OTI2LTdmMWUyMzFmOThkMC9wcm9kdWN0cy8xNzc1ODY3NTI3ODczXzY1NzMwYzIyZGRkYjA3ZDk5NWNkYjI4ZS53ZWJwIiwiaWF0IjoxNzc1ODY3NTI4LCJleHAiOjE3NzU4NzExMjh9.0dAI_1liq0b708EA4bXgm9mbU6wiIuNBo0LxeZXccH0	manual	\N	both	approved	none	\N	\N	\N	{"reason": "Mais foco no produto", "source": "visual_intent", "userAccepted": true, "resolverVersion": "1.1.0", "suggestedLayout": "floating", "userSelectedLayout": "floating"}	{}	1	\N
117a4004-df34-4df3-a7ca-3161d65a768c	e36fa482-3d4d-464f-92e5-bbd73b2f37ea	Arranjo Flores Encanto	\N	geral	engajamento	https://efxiupkxtvhbekyorddn.supabase.co/storage/v1/object/sign/campaign-images/stores/e36fa482-3d4d-464f-92e5-bbd73b2f37ea/campaigns/117a4004-df34-4df3-a7ca-3161d65a768c/art-1775337219730.png?token=eyJraWQiOiJzdG9yYWdlLXVybC1zaWduaW5nLWtleV9kMGRjNWU1Zi02MzNmLTRmZDMtOGFmZi0yMzVmNGQxZThjNjIiLCJhbGciOiJIUzI1NiJ9.eyJ1cmwiOiJjYW1wYWlnbi1pbWFnZXMvc3RvcmVzL2UzNmZhNDgyLTNkNGQtNDY0Zi05MmU1LWJiZDczYjJmMzdlYS9jYW1wYWlnbnMvMTE3YTQwMDQtZGYzNC00ZGYzLWE3Y2EtMzE2MWQ2NWE3NjhjL2FydC0xNzc1MzM3MjE5NzMwLnBuZyIsImlhdCI6MTc3NTMzNzIyMCwiZXhwIjoxNzc1MzQwODIwfQ.D_4VYBhn0cxcCyFc39HK6yG4DdCzgBGQweUsDowy6qA	Flores que Encantam! 🌸		\N	approved	2026-04-04 20:45:11.098674	Transforme sua Páscoa com nosso Arranjo Flores Encanto!	Essa Páscoa, surpreenda quem você ama com um toque especial! 🌼✨ Garanta o seu Arranjo Flores Encanto e faça a alegria da sua mesa! Chama no Whats pra reservar o seu! 📲🌷 #Páscoa #Flores #FloriculturaSP	#ArranjoFloresEncanto #Páscoa #Floricultura	Chamar no Whats	2026-04-04 21:13:40.482+00	\N	\N	\N	\N	\N	\N	\N	\N	\N	\N	popular	\N	product	https://efxiupkxtvhbekyorddn.supabase.co/storage/v1/object/sign/campaign-images/stores/e36fa482-3d4d-464f-92e5-bbd73b2f37ea/products/1775335503971_arranjo_floral_2.webp?token=eyJraWQiOiJzdG9yYWdlLXVybC1zaWduaW5nLWtleV9kMGRjNWU1Zi02MzNmLTRmZDMtOGFmZi0yMzVmNGQxZThjNjIiLCJhbGciOiJIUzI1NiJ9.eyJ1cmwiOiJjYW1wYWlnbi1pbWFnZXMvc3RvcmVzL2UzNmZhNDgyLTNkNGQtNDY0Zi05MmU1LWJiZDczYjJmMzdlYS9wcm9kdWN0cy8xNzc1MzM1NTAzOTcxX2FycmFuam9fZmxvcmFsXzIud2VicCIsImlhdCI6MTc3NTMzNzIxMiwiZXhwIjoxNzc1MzQwODEyfQ.pbemDtA2TeTWyF6lePof0C9M_ezKYcBhVwU4grtJAgQ	manual	\N	both	approved	none	\N	{"config": {"visual_aggression": 0.5}, "palette": {"accent": "#d09a06", "neutral": "#F4F4F5", "primary": "#d09a06", "secondary": "#bcf0c5"}, "version": 1, "logo_usage": {"allow_monochrome": true}, "typography": {"body_font": "sans_clean", "headline_font": "sans_display"}, "positioning": "Os arranjos florais mais encantadores da cidade!", "visual_seed": "e36fa482-3d4d-464f-92e5-bbd73b2f37ea", "visual_style": "modern", "tone_of_voice": "friendly"}	{"id": "split", "zones": {"cta_area": {"h": 92, "w": 440, "x": 580, "y": 1070}, "text_area": {"h": 500, "w": 440, "x": 580, "y": 250}, "price_area": {"h": 105, "w": 440, "x": 580, "y": 920}, "branding_area": {"h": 100, "w": 440, "x": 580, "y": 90}, "content_image": {"h": 1350, "w": 540, "x": 0, "y": 0}}, "version": 1}	\N	{}	1	\N
f5ce57ff-3da7-4a6c-a14c-b644efeef412	283410f0-39a0-44ea-b9d1-2a3a8ddcb3d3	Fraldas Baby Care G c/30	19.99	familia	promocao	https://efxiupkxtvhbekyorddn.supabase.co/storage/v1/object/public/campaign-images/stores/283410f0-39a0-44ea-b9d1-2a3a8ddcb3d3/campaigns/f5ce57ff-3da7-4a6c-a14c-b644efeef412/art-1774886108092.png	Fraldas Baby Care em Promo!	Economia com qualidade para seu bebê.	\N	approved	2026-03-30 15:54:26.367033	Economia e qualidade pro seu bebê!	Ôxente, mamãe! Aqui na Farmácia Multi Popular a gente cuida da saúde do seu pequeno e do seu bolso! 🤱💰 Fraldas Baby Care G c/30 por apenas R$19,99! Vem garantir a sua! 🌟	#Fraldas #SaúdeEBolso #JuazeiroDoNorte	Garantir a minha	2026-03-30 15:54:31.604+00	\N	\N	\N	\N	\N	\N	\N	\N	\N	\N	popular	\N	product	https://efxiupkxtvhbekyorddn.supabase.co/storage/v1/object/sign/campaign-images/stores/283410f0-39a0-44ea-b9d1-2a3a8ddcb3d3/products/1774886062439_before_pharmacy.png?token=eyJraWQiOiJzdG9yYWdlLXVybC1zaWduaW5nLWtleV9kMGRjNWU1Zi02MzNmLTRmZDMtOGFmZi0yMzVmNGQxZThjNjIiLCJhbGciOiJIUzI1NiJ9.eyJ1cmwiOiJjYW1wYWlnbi1pbWFnZXMvc3RvcmVzLzI4MzQxMGYwLTM5YTAtNDRlYS1iOWQxLTJhM2E4ZGRjYjNkMy9wcm9kdWN0cy8xNzc0ODg2MDYyNDM5X2JlZm9yZV9waGFybWFjeS5wbmciLCJpYXQiOjE3NzQ4ODYwNjIsImV4cCI6MTc3NDg4OTY2Mn0.-_h1GhAbEIXAN4I0IVQktOtjyA49tzatLGcLWFIYMTE	manual	\N	both	approved	none	\N	\N	\N	\N	{}	1	\N
d350b91a-9b20-4ea8-bb40-1bde6a9a0d67	283410f0-39a0-44ea-b9d1-2a3a8ddcb3d3	Cerveja Artesanal 375ml	8.99	premium_exigente	novidade	https://efxiupkxtvhbekyorddn.supabase.co/storage/v1/object/public/campaign-images/stores/283410f0-39a0-44ea-b9d1-2a3a8ddcb3d3/campaigns/d350b91a-9b20-4ea8-bb40-1bde6a9a0d67/art-1774894831554.png	Cerveja Artesanal na Páscoa!	\N	\N	approved	2026-03-30 18:20:13.565137	Sua festa merece o melhor sabor. 🍺	Ei, Anápolis! A Páscoa tá chegando e a nossa Cerveja Artesanal é a escolha perfeita pra sua celebração! Garanta a sua e faça a festa ser inesquecível! 🐰🎉 #MestreDasGeladas #CervejaArtesanal #Páscoa	#CervejaArtesanal #Páscoa #Anápolis	Garantir a minha	2026-03-30 18:20:18.692+00	\N	\N	\N	\N	\N	\N	\N	\N	\N	\N	premium	\N	product	https://efxiupkxtvhbekyorddn.supabase.co/storage/v1/object/sign/campaign-images/stores/283410f0-39a0-44ea-b9d1-2a3a8ddcb3d3/products/1774894785004_before-adega.png?token=eyJraWQiOiJzdG9yYWdlLXVybC1zaWduaW5nLWtleV9kMGRjNWU1Zi02MzNmLTRmZDMtOGFmZi0yMzVmNGQxZThjNjIiLCJhbGciOiJIUzI1NiJ9.eyJ1cmwiOiJjYW1wYWlnbi1pbWFnZXMvc3RvcmVzLzI4MzQxMGYwLTM5YTAtNDRlYS1iOWQxLTJhM2E4ZGRjYjNkMy9wcm9kdWN0cy8xNzc0ODk0Nzg1MDA0X2JlZm9yZS1hZGVnYS5wbmciLCJpYXQiOjE3NzQ4OTQ3ODUsImV4cCI6MTc3NDg5ODM4NX0.kmb7t_UhEm_lMZ6qRlA4_pwyXjXl6KBKcmmC_DBfIjE	manual	\N	both	approved	none	\N	\N	\N	\N	{}	1	\N
22a444a6-a447-4637-8798-334e0eed5d9c	283410f0-39a0-44ea-b9d1-2a3a8ddcb3d3	Cerveja Artesanal 375ml	0	premium_exigente	novidade	https://efxiupkxtvhbekyorddn.supabase.co/storage/v1/object/sign/campaign-images/stores/283410f0-39a0-44ea-b9d1-2a3a8ddcb3d3/campaigns/22a444a6-a447-4637-8798-334e0eed5d9c/art-1775067082814.png?token=eyJraWQiOiJzdG9yYWdlLXVybC1zaWduaW5nLWtleV9kMGRjNWU1Zi02MzNmLTRmZDMtOGFmZi0yMzVmNGQxZThjNjIiLCJhbGciOiJIUzI1NiJ9.eyJ1cmwiOiJjYW1wYWlnbi1pbWFnZXMvc3RvcmVzLzI4MzQxMGYwLTM5YTAtNDRlYS1iOWQxLTJhM2E4ZGRjYjNkMy9jYW1wYWlnbnMvMjJhNDQ0YTYtYTQ0Ny00NjM3LTg3OTgtMzM0ZTBlZWQ1ZDljL2FydC0xNzc1MDY3MDgyODE0LnBuZyIsImlhdCI6MTc3NTA2NzA4MiwiZXhwIjoxNzc1MDcwNjgyfQ.NyVfaMctDDrSrGq1NLdTYqBPd3Fggjfs_aA-Wueo4k0	A Cerveja que Faltava!		\N	approved	2026-03-30 19:18:45.485357	Aprecie a nossa Cerveja Artesanal 375ml.	🍻 Chegou a hora de dar um upgrade na sua festa! A melhor Cerveja Artesanal 375ml tá aqui na Adega Mestre das Geladas. Garanta a sua e brinde com estilo! 🎉📍 Anápolis, vem pra cá! #CervejaArtesanal #AdegaMestre #FestaPerfeita	#CervejaArtesanal #Anápolis #AdegaMestre	Garantir a minha	2026-04-01 18:11:24.301+00	\N	\N	\N	\N	\N	\N	\N	\N	\N	\N	premium	\N	product	https://efxiupkxtvhbekyorddn.supabase.co/storage/v1/object/sign/campaign-images/stores/283410f0-39a0-44ea-b9d1-2a3a8ddcb3d3/products/1774898321303_before-adega.png?token=eyJraWQiOiJzdG9yYWdlLXVybC1zaWduaW5nLWtleV9kMGRjNWU1Zi02MzNmLTRmZDMtOGFmZi0yMzVmNGQxZThjNjIiLCJhbGciOiJIUzI1NiJ9.eyJ1cmwiOiJjYW1wYWlnbi1pbWFnZXMvc3RvcmVzLzI4MzQxMGYwLTM5YTAtNDRlYS1iOWQxLTJhM2E4ZGRjYjNkMy9wcm9kdWN0cy8xNzc0ODk4MzIxMzAzX2JlZm9yZS1hZGVnYS5wbmciLCJpYXQiOjE3NzUwNjcwMTIsImV4cCI6MTc3NTA3MDYxMn0.YlOkNeSoki0RWYr0M6fQoif0NUuA7Fv0rd89YxQ21tk	manual	\N	both	approved	none	\N	\N	\N	\N	{}	1	\N
b2401226-cb6a-402e-925c-2b2242cf4054	e36fa482-3d4d-464f-92e5-bbd73b2f37ea	Arranjo Flores Encanto	29.9	jovens_festa	promocao	https://efxiupkxtvhbekyorddn.supabase.co/storage/v1/object/public/campaign-images/stores/e36fa482-3d4d-464f-92e5-bbd73b2f37ea/campaigns/b2401226-cb6a-402e-925c-2b2242cf4054/art-1775517547805.png	Flores que Encantam! 🌸	\N	\N	approved	2026-04-06 23:17:52.587172	Sua festa merece o Arranjo Flores Encanto!	Chegou a hora de deixar sua festa ainda mais linda! 🌼✨ O Arranjo Flores Encanto é o detalhe que faz toda a diferença. Garantir o meu e arrasar na decoração! Chama no Whats! 📲💖	#Flores #Decoração #Festa	Garantir o meu	2026-04-06 23:17:57.852+00	\N	\N	\N	\N	\N	\N	\N	\N	\N	\N	popular	\N	product	https://efxiupkxtvhbekyorddn.supabase.co/storage/v1/object/sign/campaign-images/stores/e36fa482-3d4d-464f-92e5-bbd73b2f37ea/products/1775517469394_arranjo_floral_2.webp?token=eyJraWQiOiJzdG9yYWdlLXVybC1zaWduaW5nLWtleV9kMGRjNWU1Zi02MzNmLTRmZDMtOGFmZi0yMzVmNGQxZThjNjIiLCJhbGciOiJIUzI1NiJ9.eyJ1cmwiOiJjYW1wYWlnbi1pbWFnZXMvc3RvcmVzL2UzNmZhNDgyLTNkNGQtNDY0Zi05MmU1LWJiZDczYjJmMzdlYS9wcm9kdWN0cy8xNzc1NTE3NDY5Mzk0X2FycmFuam9fZmxvcmFsXzIud2VicCIsImlhdCI6MTc3NTUxNzQ2OSwiZXhwIjoxNzc1NTIxMDY5fQ.XtQjhTInoyvMCuKoyqSOmRawihOa5eoCB6WPKG7wg98	manual	\N	both	approved	none	\N	{"config": {"visual_aggression": 0.5}, "palette": {"accent": "#063CD0", "neutral": "#78716C", "primary": "#d09a06", "secondary": "#A1D006"}, "version": 2, "logo_usage": {"allow_monochrome": true}, "typography": {"body_font": "sans_clean", "headline_font": "sans_display"}, "positioning": "Os arranjos florais mais encantadores da cidade!", "visual_seed": "e36fa482-3d4d-464f-92e5-bbd73b2f37ea", "visual_style": "modern", "tone_of_voice": "friendly", "image_treatment": {"filter": "natural", "warmth": 0.15, "contrast": 0, "saturation": 0}, "brand_temperature": "warm", "background_treatment": {"style": "gradient_brand_soft", "intensity": "balanced"}}	{"id": "split", "zones": {"cta_area": {"h": 92, "w": 440, "x": 580, "y": 1070}, "text_area": {"h": 500, "w": 440, "x": 580, "y": 250}, "price_area": {"h": 105, "w": 440, "x": 580, "y": 920}, "branding_area": {"h": 100, "w": 440, "x": 580, "y": 90}, "content_image": {"h": 1350, "w": 540, "x": 0, "y": 0}}, "version": 1}	\N	{}	1	\N
5ac838d1-6a2e-425f-878a-5954ce0674be	283410f0-39a0-44ea-b9d1-2a3a8ddcb3d3	Filé Marmorizado Kg	49.99	geral	queima	https://efxiupkxtvhbekyorddn.supabase.co/storage/v1/object/public/campaign-images/stores/283410f0-39a0-44ea-b9d1-2a3a8ddcb3d3/campaigns/5ac838d1-6a2e-425f-878a-5954ce0674be/art-1774887554217.png	Filé Marmorizado por R$49,99!	Carne de qualidade por um preço imperdível!	\N	approved	2026-03-30 16:18:56.454506	A qualidade que sua mesa merece.	🍖 Olha só, a melhor carne da região tá aqui no Mercado da Terra! E com preço imperdível! Vem garantir o seu filé e não esquece de levar um bom vinho pra acompanhar! 🍷✨ #Cuiabá #CarneDeQualidade #MercadoDaTerra	#FiléMarmorizado #Promoção #Cuiabá	Garantir o meu	2026-03-30 16:19:00.625+00	\N	\N	\N	\N	\N	\N	\N	\N	\N	\N	popular	\N	product	https://efxiupkxtvhbekyorddn.supabase.co/storage/v1/object/sign/campaign-images/stores/283410f0-39a0-44ea-b9d1-2a3a8ddcb3d3/products/1774887531949_before_market.png?token=eyJraWQiOiJzdG9yYWdlLXVybC1zaWduaW5nLWtleV9kMGRjNWU1Zi02MzNmLTRmZDMtOGFmZi0yMzVmNGQxZThjNjIiLCJhbGciOiJIUzI1NiJ9.eyJ1cmwiOiJjYW1wYWlnbi1pbWFnZXMvc3RvcmVzLzI4MzQxMGYwLTM5YTAtNDRlYS1iOWQxLTJhM2E4ZGRjYjNkMy9wcm9kdWN0cy8xNzc0ODg3NTMxOTQ5X2JlZm9yZV9tYXJrZXQucG5nIiwiaWF0IjoxNzc0ODg3NTMyLCJleHAiOjE3NzQ4OTExMzJ9.28Fk246UGOdP9jMAIqwd_BPonNCOYrHspnSOpqhxw3Y	manual	\N	both	approved	none	\N	\N	\N	\N	{}	1	\N
8c309253-ad2c-4b00-916b-574f8df479fc	e36fa482-3d4d-464f-92e5-bbd73b2f37ea	Vaso de Hibiscus 	9.99	familia	sazonal	https://efxiupkxtvhbekyorddn.supabase.co/storage/v1/object/sign/campaign-images/stores/e36fa482-3d4d-464f-92e5-bbd73b2f37ea/campaigns/8c309253-ad2c-4b00-916b-574f8df479fc/art-1775261400966.png?token=eyJraWQiOiJzdG9yYWdlLXVybC1zaWduaW5nLWtleV9kMGRjNWU1Zi02MzNmLTRmZDMtOGFmZi0yMzVmNGQxZThjNjIiLCJhbGciOiJIUzI1NiJ9.eyJ1cmwiOiJjYW1wYWlnbi1pbWFnZXMvc3RvcmVzL2UzNmZhNDgyLTNkNGQtNDY0Zi05MmU1LWJiZDczYjJmMzdlYS9jYW1wYWlnbnMvOGMzMDkyNTMtYWQyYy00YjAwLTkxNmItNTc0ZjhkZjQ3OWZjL2FydC0xNzc1MjYxNDAwOTY2LnBuZyIsImlhdCI6MTc3NTI2MTQwMCwiZXhwIjoxNzc1MjY1MDAwfQ.kAZrIP7MYQjnvvTBhMKlpXLeXHXbs66QXxjen_kcznw	Vaso de Hibiscus por R$9,99!		\N	approved	2026-03-29 19:21:25.907509	Prepare sua casa para a Páscoa com flores frescas!	🌼 A Páscoa tá chegando e sua casa merece esse toque especial! O Vaso de Hibiscus vai deixar tudo mais lindo! 🐰🌸 Vem garantir o seu! #Floricultura #Páscoa #FloresDeSãoPaulo	#VasoDeHibiscus #Flores #Páscoa	Garantir o meu	2026-04-04 00:10:02.078+00	\N	\N	\N	\N	\N	\N	\N	\N	\N	\N	familia	\N	product	https://efxiupkxtvhbekyorddn.supabase.co/storage/v1/object/sign/campaign-images/stores/e36fa482-3d4d-464f-92e5-bbd73b2f37ea/products/1774812077482_hibiscus.webp?token=eyJraWQiOiJzdG9yYWdlLXVybC1zaWduaW5nLWtleV9kMGRjNWU1Zi02MzNmLTRmZDMtOGFmZi0yMzVmNGQxZThjNjIiLCJhbGciOiJIUzI1NiJ9.eyJ1cmwiOiJjYW1wYWlnbi1pbWFnZXMvc3RvcmVzL2UzNmZhNDgyLTNkNGQtNDY0Zi05MmU1LWJiZDczYjJmMzdlYS9wcm9kdWN0cy8xNzc0ODEyMDc3NDgyX2hpYmlzY3VzLndlYnAiLCJpYXQiOjE3NzUyNjA4MDYsImV4cCI6MTc3NTI2NDQwNn0.fKp-2G-XZPzIVyGmFNEwDG0nAqv-ewQ1Qg0LRu4j934	plan	2b954488-a36b-455c-8d7f-5d20af5f4ed3	both	approved	none	\N	\N	\N	\N	{}	1	\N
d5f6aeb3-9c27-4b36-8781-872ad8b40b21	283410f0-39a0-44ea-b9d1-2a3a8ddcb3d3	Cerveja Artesanal 375ml	8.99	premium_exigente	novidade	https://efxiupkxtvhbekyorddn.supabase.co/storage/v1/object/public/campaign-images/stores/283410f0-39a0-44ea-b9d1-2a3a8ddcb3d3/campaigns/d5f6aeb3-9c27-4b36-8781-872ad8b40b21/art-1774894981987.png	A Melhor Cerveja Artesanal!	\N	\N	approved	2026-03-30 18:22:53.008084	Sua Páscoa merece um sabor especial.	🍻 E aí, Anápolis! Sua Páscoa vai ter a melhor cerveja artesanal? Garanta a sua com a gente e aproveite cada gole! 🐰✨ #MestreDasGeladas #CervejaArtesanal #PáscoaGelada	#CervejaArtesanal #Páscoa #MestreDasGeladas	Garantir a minha	2026-03-30 18:22:56.213+00	\N	\N	\N	\N	\N	\N	\N	\N	\N	\N	premium	\N	product	https://efxiupkxtvhbekyorddn.supabase.co/storage/v1/object/sign/campaign-images/stores/283410f0-39a0-44ea-b9d1-2a3a8ddcb3d3/products/1774894939791_before-adega.png?token=eyJraWQiOiJzdG9yYWdlLXVybC1zaWduaW5nLWtleV9kMGRjNWU1Zi02MzNmLTRmZDMtOGFmZi0yMzVmNGQxZThjNjIiLCJhbGciOiJIUzI1NiJ9.eyJ1cmwiOiJjYW1wYWlnbi1pbWFnZXMvc3RvcmVzLzI4MzQxMGYwLTM5YTAtNDRlYS1iOWQxLTJhM2E4ZGRjYjNkMy9wcm9kdWN0cy8xNzc0ODk0OTM5NzkxX2JlZm9yZS1hZGVnYS5wbmciLCJpYXQiOjE3NzQ4OTQ5NDAsImV4cCI6MTc3NDg5ODU0MH0.r9h7BF4aHFAv_Q3l8u0etsS_3cnSLUat3l01HILFpZo	manual	\N	both	approved	none	\N	\N	\N	\N	{}	1	\N
34403c18-a22f-4f63-9c79-bdbced3cb169	283410f0-39a0-44ea-b9d1-2a3a8ddcb3d3	Cerveja Heineken 600ml	8.99	geral	promocao	https://efxiupkxtvhbekyorddn.supabase.co/storage/v1/object/public/campaign-images/stores/283410f0-39a0-44ea-b9d1-2a3a8ddcb3d3/campaigns/34403c18-a22f-4f63-9c79-bdbced3cb169/art-1775668531234.png	Heineken 600ml por R$8,99!	\N	\N	approved	2026-04-08 17:15:23.014526	A cerveja que sua festa merece!	E aí, Anápolis! 🍻 A Heineken tá com preço imperdível! Garantir a sua e fazer a festa bombar! 🎉 #AdegaMestreDasGeladas #Anápolis #Heineken	#Heineken #Cerveja #Promoção	Garantir a minha	2026-04-08 17:15:28.304+00	\N	\N	\N	\N	\N	\N	\N	\N	\N	\N	popular	\N	product	https://efxiupkxtvhbekyorddn.supabase.co/storage/v1/object/sign/campaign-images/stores/283410f0-39a0-44ea-b9d1-2a3a8ddcb3d3/products/1775668519676_heinecken_600.jpg?token=eyJraWQiOiJzdG9yYWdlLXVybC1zaWduaW5nLWtleV9kMGRjNWU1Zi02MzNmLTRmZDMtOGFmZi0yMzVmNGQxZThjNjIiLCJhbGciOiJIUzI1NiJ9.eyJ1cmwiOiJjYW1wYWlnbi1pbWFnZXMvc3RvcmVzLzI4MzQxMGYwLTM5YTAtNDRlYS1iOWQxLTJhM2E4ZGRjYjNkMy9wcm9kdWN0cy8xNzc1NjY4NTE5Njc2X2hlaW5lY2tlbl82MDAuanBnIiwiaWF0IjoxNzc1NjY4NTE5LCJleHAiOjE3NzU2NzIxMTl9.Sc_S2rooIV5n60xNPJ-Bgn4yyE-IbulU8q11t2U9K-c	manual	\N	both	approved	none	\N	{"config": {"visual_aggression": 0.4}, "palette": {"accent": "#000000", "neutral": "#78716C", "primary": "#b76d06", "secondary": "#E8A03B"}, "version": 2, "logo_usage": {"allow_monochrome": true}, "typography": {"body_font": "sans_clean", "headline_font": "serif_elegant"}, "positioning": "Aqui a sua festa é muito melhor!", "visual_seed": "283410f0-39a0-44ea-b9d1-2a3a8ddcb3d3", "visual_style": "luxury", "tone_of_voice": "premium", "image_treatment": {"filter": "warm", "warmth": 0.15, "contrast": 0.05, "saturation": 0}, "brand_temperature": "warm", "background_treatment": {"style": "editorial_shadow", "intensity": "balanced"}}	{"id": "split", "zones": {"cta_area": {"h": 92, "w": 440, "x": 580, "y": 1070}, "text_area": {"h": 500, "w": 440, "x": 580, "y": 250}, "price_area": {"h": 105, "w": 440, "x": 580, "y": 920}, "branding_area": {"h": 100, "w": 440, "x": 580, "y": 90}, "content_image": {"h": 1350, "w": 540, "x": 0, "y": 0}}, "version": 1}	\N	{}	1	\N
014c80f6-da63-4986-ad5a-c98c6477962a	283410f0-39a0-44ea-b9d1-2a3a8ddcb3d3	Cerveja Heineken 600ml	8.99	geral	promocao	https://efxiupkxtvhbekyorddn.supabase.co/storage/v1/object/public/campaign-images/stores/283410f0-39a0-44ea-b9d1-2a3a8ddcb3d3/campaigns/014c80f6-da63-4986-ad5a-c98c6477962a/art-1775666551321.png	A Heineken da sua festa!	\N	\N	approved	2026-04-08 16:42:15.51429	Aproveite a Heineken 600ml por apenas R$8,99!	Ô trem bão, a Heineken tá com preço especial! 🍻 Não deixe a sua festa sem essa! Chama no Whats pra garantir a sua! 🎉 #AdegaMestreDasGeladas #Heineken #Anápolis	#Heineken #Festa #AdegaMestreDasGeladas	Chamar no Whats	2026-04-08 16:42:21.044+00	\N	\N	\N	\N	\N	\N	\N	\N	\N	\N	popular	\N	product	https://efxiupkxtvhbekyorddn.supabase.co/storage/v1/object/sign/campaign-images/stores/283410f0-39a0-44ea-b9d1-2a3a8ddcb3d3/products/1775666532361_heinecken_600.jpg?token=eyJraWQiOiJzdG9yYWdlLXVybC1zaWduaW5nLWtleV9kMGRjNWU1Zi02MzNmLTRmZDMtOGFmZi0yMzVmNGQxZThjNjIiLCJhbGciOiJIUzI1NiJ9.eyJ1cmwiOiJjYW1wYWlnbi1pbWFnZXMvc3RvcmVzLzI4MzQxMGYwLTM5YTAtNDRlYS1iOWQxLTJhM2E4ZGRjYjNkMy9wcm9kdWN0cy8xNzc1NjY2NTMyMzYxX2hlaW5lY2tlbl82MDAuanBnIiwiaWF0IjoxNzc1NjY2NTMyLCJleHAiOjE3NzU2NzAxMzJ9.uZEfc36aHxu_Vl-DYccLuhhl7YDXrlaQMcNN7xtLB-g	manual	\N	both	approved	none	\N	{"config": {"visual_aggression": 0.4}, "palette": {"accent": "#000000", "neutral": "#78716C", "primary": "#b76d06", "secondary": "#E8A03B"}, "version": 2, "logo_usage": {"allow_monochrome": true}, "typography": {"body_font": "sans_clean", "headline_font": "serif_elegant"}, "positioning": "Aqui a sua festa é muito melhor!", "visual_seed": "283410f0-39a0-44ea-b9d1-2a3a8ddcb3d3", "visual_style": "luxury", "tone_of_voice": "premium", "image_treatment": {"filter": "warm", "warmth": 0.15, "contrast": 0.05, "saturation": 0}, "brand_temperature": "warm", "background_treatment": {"style": "editorial_shadow", "intensity": "balanced"}}	{"id": "split", "zones": {"cta_area": {"h": 92, "w": 440, "x": 580, "y": 1070}, "text_area": {"h": 500, "w": 440, "x": 580, "y": 250}, "price_area": {"h": 105, "w": 440, "x": 580, "y": 920}, "branding_area": {"h": 100, "w": 440, "x": 580, "y": 90}, "content_image": {"h": 1350, "w": 540, "x": 0, "y": 0}}, "version": 1}	\N	{}	1	\N
0776e5fb-7f47-4338-9af7-3cf10a134a30	e146f1fb-6ecf-4971-9926-7f1e231f98d0	Sabonete Peônia Garden	39.5	maes_pais	novidade	https://efxiupkxtvhbekyorddn.supabase.co/storage/v1/object/public/campaign-images/stores/e146f1fb-6ecf-4971-9926-7f1e231f98d0/campaigns/0776e5fb-7f47-4338-9af7-3cf10a134a30/art-1775868844070.png	Sinta o Luxo da Peônia!	\N	\N	approved	2026-04-11 00:53:43.721815	A nova sensação que sua pele merece!	🌸 Já pensou em dar um presente especial nessa Páscoa? O Sabonete Peônia Garden é a escolha perfeita! A pele do seu amor vai agradecer! ✨ Garantir o meu! #RioDoSul #JoãoBarber #PáscoaPremium	#Sabonete #PeôniaGarden #Páscoa	Garantir o meu	2026-04-11 00:53:48.284+00	\N	\N	\N	\N	\N	\N	\N	\N	\N	\N	familia	\N	product	https://efxiupkxtvhbekyorddn.supabase.co/storage/v1/object/sign/campaign-images/stores/e146f1fb-6ecf-4971-9926-7f1e231f98d0/products/1775868818257_sabonete-l-quido-desodorante-pe-nia-garden-via-aroma-200ml-3.webp?token=eyJraWQiOiJzdG9yYWdlLXVybC1zaWduaW5nLWtleV9kMGRjNWU1Zi02MzNmLTRmZDMtOGFmZi0yMzVmNGQxZThjNjIiLCJhbGciOiJIUzI1NiJ9.eyJ1cmwiOiJjYW1wYWlnbi1pbWFnZXMvc3RvcmVzL2UxNDZmMWZiLTZlY2YtNDk3MS05OTI2LTdmMWUyMzFmOThkMC9wcm9kdWN0cy8xNzc1ODY4ODE4MjU3X3NhYm9uZXRlLWwtcXVpZG8tZGVzb2RvcmFudGUtcGUtbmlhLWdhcmRlbi12aWEtYXJvbWEtMjAwbWwtMy53ZWJwIiwiaWF0IjoxNzc1ODY4ODE5LCJleHAiOjE3NzU4NzI0MTl9.rDmC7IjxnG2l2unLAui-K7dY1ygXHZwFPGCjbw8AYn4	manual	\N	both	approved	none	\N	\N	\N	{"reason": "Mais foco no produto", "source": "visual_intent", "userAccepted": false, "resolverVersion": "1.1.0", "suggestedLayout": "floating", "userSelectedLayout": "split"}	{}	1	\N
44420330-8034-4aa9-b64a-9131703f7407	f93fa732-c339-4af8-b45d-1748369ae669	Farinha de trigo 5k	14.9	geral	promocao	https://efxiupkxtvhbekyorddn.supabase.co/storage/v1/object/sign/campaign-images/stores/f93fa732-c339-4af8-b45d-1748369ae669/campaigns/44420330-8034-4aa9-b64a-9131703f7407/art-1775671495037.png?token=eyJraWQiOiJzdG9yYWdlLXVybC1zaWduaW5nLWtleV9kMGRjNWU1Zi02MzNmLTRmZDMtOGFmZi0yMzVmNGQxZThjNjIiLCJhbGciOiJIUzI1NiJ9.eyJ1cmwiOiJjYW1wYWlnbi1pbWFnZXMvc3RvcmVzL2Y5M2ZhNzMyLWMzMzktNGFmOC1iNDVkLTE3NDgzNjlhZTY2OS9jYW1wYWlnbnMvNDQ0MjAzMzAtODAzNC00YWE5LWI2NGEtOTEzMTcwM2Y3NDA3L2FydC0xNzc1NjcxNDk1MDM3LnBuZyIsImlhdCI6MTc3NTY3MTQ5NSwiZXhwIjoxNzc1Njc1MDk1fQ.IVpPQ17D-AKm_8Nk5C6CR44z5r-7IZKuqen1FB8t4N0	Farinha de Trigo a R$14,90!		\N	approved	2026-04-08 17:28:50.583065	O segredo para suas receitas perfeitas!	Ei, pessoal de Ibirama! 🥖 Chegou a hora de garantir a sua farinha de trigo 5k a apenas R$14,90! Com ela, suas delícias vão sair do forno como nunca! 😋 Não esquece de levar também o fermento e o açúcar pra completar! 😉	#MerceariaDaMaria #FarinhaDeTrigo #Ibirama	Garantir a minha	2026-04-08 18:04:56.325+00	\N	\N	\N	\N	\N	\N	\N	\N	\N	\N	popular	\N	product	https://efxiupkxtvhbekyorddn.supabase.co/storage/v1/object/sign/campaign-images/stores/f93fa732-c339-4af8-b45d-1748369ae669/products/1775669327648_trigo.jpg?token=eyJraWQiOiJzdG9yYWdlLXVybC1zaWduaW5nLWtleV9kMGRjNWU1Zi02MzNmLTRmZDMtOGFmZi0yMzVmNGQxZThjNjIiLCJhbGciOiJIUzI1NiJ9.eyJ1cmwiOiJjYW1wYWlnbi1pbWFnZXMvc3RvcmVzL2Y5M2ZhNzMyLWMzMzktNGFmOC1iNDVkLTE3NDgzNjlhZTY2OS9wcm9kdWN0cy8xNzc1NjY5MzI3NjQ4X3RyaWdvLmpwZyIsImlhdCI6MTc3NTY3MTQ5MSwiZXhwIjoxNzc1Njc1MDkxfQ.dC0X_QcUIlgGTLjN0Q2NvtMo2JhrDanCVwnyK1ocO9o	manual	\N	both	approved	none	\N	{"config": {"visual_aggression": 0.75}, "palette": {"accent": "#000000", "neutral": "#64748B", "primary": "#0f14a9", "secondary": "#090C63"}, "version": 2, "logo_usage": {"allow_monochrome": true}, "typography": {"body_font": "sans_clean", "headline_font": "rounded_bold"}, "positioning": "O melhor preço de medicamentos e a melhor entrega da região.", "visual_seed": "f93fa732-c339-4af8-b45d-1748369ae669", "visual_style": "bold", "tone_of_voice": "friendly", "image_treatment": {"filter": "high_contrast", "warmth": -0.15, "contrast": 0.1, "saturation": 0}, "brand_temperature": "cool", "background_treatment": {"style": "geometric_bold", "intensity": "expressive"}}	{"id": "split", "zones": {"cta_area": {"h": 92, "w": 440, "x": 580, "y": 1070}, "text_area": {"h": 500, "w": 440, "x": 580, "y": 250}, "price_area": {"h": 105, "w": 440, "x": 580, "y": 920}, "branding_area": {"h": 100, "w": 440, "x": 580, "y": 90}, "content_image": {"h": 1350, "w": 540, "x": 0, "y": 0}}, "version": 1}	\N	{}	1	\N
de4b90bb-f509-4cf4-8c0f-bf59c2e57a6c	e146f1fb-6ecf-4971-9926-7f1e231f98d0	Shampoo Clear Men 400ml	19.9	homens	novidade	https://efxiupkxtvhbekyorddn.supabase.co/storage/v1/object/sign/campaign-images/stores/e146f1fb-6ecf-4971-9926-7f1e231f98d0/campaigns/de4b90bb-f509-4cf4-8c0f-bf59c2e57a6c/art-1775665526559.png?token=eyJraWQiOiJzdG9yYWdlLXVybC1zaWduaW5nLWtleV9kMGRjNWU1Zi02MzNmLTRmZDMtOGFmZi0yMzVmNGQxZThjNjIiLCJhbGciOiJIUzI1NiJ9.eyJ1cmwiOiJjYW1wYWlnbi1pbWFnZXMvc3RvcmVzL2UxNDZmMWZiLTZlY2YtNDk3MS05OTI2LTdmMWUyMzFmOThkMC9jYW1wYWlnbnMvZGU0YjkwYmItZjUwOS00Y2Y0LThjMGYtYmY1OWMyZTU3YTZjL2FydC0xNzc1NjY1NTI2NTU5LnBuZyIsImlhdCI6MTc3NTY2NTUyNywiZXhwIjoxNzc1NjY5MTI3fQ.-QED3VVelQ0TtnExT6fHZBSHRUI7ljvFUpeDyhlV5Ug	Novo Shampoo Clear Men!		\N	approved	2026-04-08 15:30:31.19364	Cabelo forte e saudável em minutos.	🚀 Homens de Rio do Sul, chegou o Shampoo Clear Men! Pra deixar o cabelo bem tratado e cheio de vida! 💪 Garanta o seu e sinta a diferença! #FarmáciaIdeal #RioDoSul #CuidadoMasculino	#Shampoo #CuidadoMasculino #RioDoSul	Garantir o meu	2026-04-08 16:25:28.266+00	\N	\N	\N	\N	\N	\N	\N	\N	\N	\N	medio	\N	product	https://efxiupkxtvhbekyorddn.supabase.co/storage/v1/object/sign/campaign-images/stores/e146f1fb-6ecf-4971-9926-7f1e231f98d0/products/1775662219587_shampoo_men.jpg?token=eyJraWQiOiJzdG9yYWdlLXVybC1zaWduaW5nLWtleV9kMGRjNWU1Zi02MzNmLTRmZDMtOGFmZi0yMzVmNGQxZThjNjIiLCJhbGciOiJIUzI1NiJ9.eyJ1cmwiOiJjYW1wYWlnbi1pbWFnZXMvc3RvcmVzL2UxNDZmMWZiLTZlY2YtNDk3MS05OTI2LTdmMWUyMzFmOThkMC9wcm9kdWN0cy8xNzc1NjYyMjE5NTg3X3NoYW1wb29fbWVuLmpwZyIsImlhdCI6MTc3NTY2NTUxNiwiZXhwIjoxNzc1NjY5MTE2fQ.rivvy0PDoB9Ar8K-AYsGfA5icysuOhhzPVmljUe7DZo	manual	\N	both	approved	none	\N	{"config": {"visual_aggression": 0.3}, "palette": {"accent": "#E93FAA", "neutral": "#64748B", "primary": "#3fe97d", "secondary": "#3FE9D2"}, "version": 2, "logo_usage": {"allow_monochrome": true}, "typography": {"body_font": "sans_clean", "headline_font": "sans_display"}, "positioning": "A entrega mais rápida da cidade!", "visual_seed": "e146f1fb-6ecf-4971-9926-7f1e231f98d0", "visual_style": "minimal", "tone_of_voice": "informative", "image_treatment": {"filter": "cool", "warmth": -0.15, "contrast": 0, "saturation": -0.1}, "brand_temperature": "cool", "background_treatment": {"style": "solid_clean", "intensity": "subtle"}}	{"id": "split", "zones": {"cta_area": {"h": 92, "w": 440, "x": 580, "y": 1070}, "text_area": {"h": 500, "w": 440, "x": 580, "y": 250}, "price_area": {"h": 105, "w": 440, "x": 580, "y": 920}, "branding_area": {"h": 100, "w": 440, "x": 580, "y": 90}, "content_image": {"h": 1350, "w": 540, "x": 0, "y": 0}}, "version": 1}	\N	{}	1	\N
af97cc7b-5096-4a2e-86e6-91fe287eb357	cdd5368c-b69c-4e72-822a-c83f3a21c5b6	Hibiscos	30	geral	visitas	https://efxiupkxtvhbekyorddn.supabase.co/storage/v1/object/sign/campaign-images/stores/cdd5368c-b69c-4e72-822a-c83f3a21c5b6/campaigns/af97cc7b-5096-4a2e-86e6-91fe287eb357/art-1774620396085.png?token=eyJraWQiOiJzdG9yYWdlLXVybC1zaWduaW5nLWtleV9kMGRjNWU1Zi02MzNmLTRmZDMtOGFmZi0yMzVmNGQxZThjNjIiLCJhbGciOiJIUzI1NiJ9.eyJ1cmwiOiJjYW1wYWlnbi1pbWFnZXMvc3RvcmVzL2NkZDUzNjhjLWI2OWMtNGU3Mi04MjJhLWM4M2YzYTIxYzViNi9jYW1wYWlnbnMvYWY5N2NjN2ItNTA5Ni00YTJlLTg2ZTYtOTFmZTI4N2ViMzU3L2FydC0xNzc0NjIwMzk2MDg1LnBuZyIsImlhdCI6MTc3NDYyMDM5NSwiZXhwIjoxNzc0NjIzOTk1fQ.SOJs4xhdEPxNImfm-6dhX4XvhjZ13wbmNJ3FsmuQkOc	Hibiscos por R$30!	\N	\N	ready	2026-03-27 14:00:17.985276	Deixe sua Páscoa mais colorida e cheia de vida!	🌸 Olha só, galera de Piçarras! Os hibiscos tão imperdíveis nas nossas prateleiras! Vem garantir a sua flor e deixar a casa mais alegre! 🌼✨ #HibiscoDoSeuJeito #FloriculturaTambani #BalneárioPiçarras	#Hibisco #Páscoa #Flores	Garantir a minha	2026-03-27 14:06:37.125+00	Você conhece a flor que traz alegria instantânea?	Você conhece a flor que traz alegria instantânea? Olha essa beleza, o hibisco é a flor que transforma qualquer ambiente! Com suas cores vibrantes, é impossível não se apaixonar! E o melhor, tá saindo por apenas R$30,00! Não perde tempo, vem garantir a sua na Tambani Floricultura!	[{"scene": 1, "action": "Lojista segurando um hibisco", "camera": "POV", "dialogue": "Olha essa beleza, o hibisco é a flor que transforma qualquer ambiente!"}, {"scene": 2, "action": "Foco no detalhe da flor", "camera": "close-up", "dialogue": "Com suas cores vibrantes, é impossível não se apaixonar!"}, {"scene": 3, "action": "Hibisco em destaque na vitrine", "camera": "ambiente", "dialogue": "E o melhor, tá saindo por apenas R$30,00!"}]	["Hibisco: a flor da felicidade!", "Só R$30,00", "Leve a sua hoje!"]	Música animada e leve, estilo popular	25	🌺✨ A flor que vai alegrar seu dia! Vem pra Tambani e leve um hibisco por só R$30! #Floricultura #Hibisco #BalneárioPiçarras	Garanta a sua Hibisco agora!	#Hibisco #Floricultura #BalneárioPiçarras	2026-03-27 14:02:59.179+00	popular	\N	product	https://efxiupkxtvhbekyorddn.supabase.co/storage/v1/object/sign/campaign-images/uploads/a59a0fe1-5bcb-4fbe-82bf-811e4931eb76/products/1774620125712_test_hibiscos.jpg?token=eyJraWQiOiJzdG9yYWdlLXVybC1zaWduaW5nLWtleV9kMGRjNWU1Zi02MzNmLTRmZDMtOGFmZi0yMzVmNGQxZThjNjIiLCJhbGciOiJIUzI1NiJ9.eyJ1cmwiOiJjYW1wYWlnbi1pbWFnZXMvdXBsb2Fkcy9hNTlhMGZlMS01YmNiLTRmYmUtODJiZi04MTFlNDkzMWViNzYvcHJvZHVjdHMvMTc3NDYyMDEyNTcxMl90ZXN0X2hpYmlzY29zLmpwZyIsImlhdCI6MTc3NDYyMDM3MiwiZXhwIjoxNzc0NjIzOTcyfQ.lG5i7Yj_rzMLtoEk2kSMuHS6H7Z5Rja_QdwnIpzLBU4	manual	\N	both	approved	ready	\N	\N	\N	\N	{}	1	\N
1cf93389-a836-446a-b8d8-aad2f63c73e2	283410f0-39a0-44ea-b9d1-2a3a8ddcb3d3	Cerveja Artesanal 375ml	0	premium_exigente	novidade	https://efxiupkxtvhbekyorddn.supabase.co/storage/v1/object/sign/campaign-images/stores/283410f0-39a0-44ea-b9d1-2a3a8ddcb3d3/campaigns/1cf93389-a836-446a-b8d8-aad2f63c73e2/art-1775153285421.png?token=eyJraWQiOiJzdG9yYWdlLXVybC1zaWduaW5nLWtleV9kMGRjNWU1Zi02MzNmLTRmZDMtOGFmZi0yMzVmNGQxZThjNjIiLCJhbGciOiJIUzI1NiJ9.eyJ1cmwiOiJjYW1wYWlnbi1pbWFnZXMvc3RvcmVzLzI4MzQxMGYwLTM5YTAtNDRlYS1iOWQxLTJhM2E4ZGRjYjNkMy9jYW1wYWlnbnMvMWNmOTMzODktYTgzNi00NDZhLWI4ZDgtYWFkMmY2M2M3M2UyL2FydC0xNzc1MTUzMjg1NDIxLnBuZyIsImlhdCI6MTc3NTE1MzI4NiwiZXhwIjoxNzc1MTU2ODg2fQ.fN2AdmMA8WV2GL7D0cEm0_RbrZ58A2QwgyLOuwrJR34	Sua festa merece o melhor!		\N	approved	2026-03-30 19:20:29.677945	Experimente a nova Cerveja Artesanal 375ml por apenas R$8,99.	Aê, galera de Anápolis! 🍻 A nova Cerveja Artesanal chegou pra deixar sua festa ainda mais gelada e saborosa! Vem garantir a sua e brinde ao sabor! 🎉✨	#CervejaArtesanal #FestaGelada #AdegaMestreDasGeladas	Garantir a minha	2026-04-02 18:08:07.391+00	\N	\N	\N	\N	\N	\N	\N	\N	\N	\N	premium	\N	product	https://efxiupkxtvhbekyorddn.supabase.co/storage/v1/object/sign/campaign-images/stores/283410f0-39a0-44ea-b9d1-2a3a8ddcb3d3/products/1774898425844_before-adega.png?token=eyJraWQiOiJzdG9yYWdlLXVybC1zaWduaW5nLWtleV9kMGRjNWU1Zi02MzNmLTRmZDMtOGFmZi0yMzVmNGQxZThjNjIiLCJhbGciOiJIUzI1NiJ9.eyJ1cmwiOiJjYW1wYWlnbi1pbWFnZXMvc3RvcmVzLzI4MzQxMGYwLTM5YTAtNDRlYS1iOWQxLTJhM2E4ZGRjYjNkMy9wcm9kdWN0cy8xNzc0ODk4NDI1ODQ0X2JlZm9yZS1hZGVnYS5wbmciLCJpYXQiOjE3NzUxNTI2MzIsImV4cCI6MTc3NTE1NjIzMn0.n6mbnCXsh9gfJCEFCnyEAOl_3FdVczYpB7LclRWBOng	manual	\N	both	approved	none	\N	\N	\N	\N	{}	1	\N
71cbc6d9-2e54-4532-a68d-f000c79be886	e146f1fb-6ecf-4971-9926-7f1e231f98d0	Cerveja Artesanal 375ml	8.99	geral	reposicao	https://efxiupkxtvhbekyorddn.supabase.co/storage/v1/object/public/campaign-images/stores/e146f1fb-6ecf-4971-9926-7f1e231f98d0/campaigns/71cbc6d9-2e54-4532-a68d-f000c79be886/art-1775867763529.png	Sua festa merece!	\N	\N	approved	2026-04-11 00:35:39.313047	Cerveja artesanal 375ml por apenas R$8,99.	🍻 Chegou a hora de brindar com qualidade! A cerveja artesanal que vai elevar seu momento! Garanta a sua e sinta a diferença. #CervejaArtesanal #JoãoBarber #RioDoSulSC	#CervejaArtesanal #Barbearia #RioDoSul	Garantir a minha	2026-04-11 00:35:43.553+00	\N	\N	\N	\N	\N	\N	\N	\N	\N	\N	popular	\N	product	https://efxiupkxtvhbekyorddn.supabase.co/storage/v1/object/sign/campaign-images/stores/e146f1fb-6ecf-4971-9926-7f1e231f98d0/products/1775867735227_8508ee9290.webp?token=eyJraWQiOiJzdG9yYWdlLXVybC1zaWduaW5nLWtleV9kMGRjNWU1Zi02MzNmLTRmZDMtOGFmZi0yMzVmNGQxZThjNjIiLCJhbGciOiJIUzI1NiJ9.eyJ1cmwiOiJjYW1wYWlnbi1pbWFnZXMvc3RvcmVzL2UxNDZmMWZiLTZlY2YtNDk3MS05OTI2LTdmMWUyMzFmOThkMC9wcm9kdWN0cy8xNzc1ODY3NzM1MjI3Xzg1MDhlZTkyOTAud2VicCIsImlhdCI6MTc3NTg2NzczNSwiZXhwIjoxNzc1ODcxMzM1fQ.Phew_TQWOesq2y64Uo-y21Yvyu2z2BOM7Ad_-cRZ3Vk	manual	\N	both	approved	none	\N	\N	\N	{"reason": "Mais foco no produto", "source": "visual_intent", "userAccepted": false, "resolverVersion": "1.1.0", "suggestedLayout": "floating", "userSelectedLayout": "solid"}	{}	1	\N
3436eec4-99ea-4a6d-916f-a1deff2c92df	e146f1fb-6ecf-4971-9926-7f1e231f98d0	Shampoo Clear Men 400ml	14.9	geral	promocao	https://efxiupkxtvhbekyorddn.supabase.co/storage/v1/object/public/campaign-images/stores/e146f1fb-6ecf-4971-9926-7f1e231f98d0/campaigns/3436eec4-99ea-4a6d-916f-a1deff2c92df/art-1775666637018.png	Estilo e Cuidado!	\N	\N	approved	2026-04-08 16:43:47.550034	O segredo para um cabelo impecável.	👀 Olha só, gurizada! O Shampoo Clear Men tá por R$14,90 e a entrega é rapidinha! Não fica sem, hein? 😉💨 #FarmaciaIdeal #RioDoSul #CabeloPerfeito	#Shampoo #ClearMen #CuidadoMasculino	Garantir o meu	2026-04-08 16:43:53.093+00	\N	\N	\N	\N	\N	\N	\N	\N	\N	\N	popular	\N	product	https://efxiupkxtvhbekyorddn.supabase.co/storage/v1/object/sign/campaign-images/stores/e146f1fb-6ecf-4971-9926-7f1e231f98d0/products/1775666623847_shampoo_men.jpg?token=eyJraWQiOiJzdG9yYWdlLXVybC1zaWduaW5nLWtleV9kMGRjNWU1Zi02MzNmLTRmZDMtOGFmZi0yMzVmNGQxZThjNjIiLCJhbGciOiJIUzI1NiJ9.eyJ1cmwiOiJjYW1wYWlnbi1pbWFnZXMvc3RvcmVzL2UxNDZmMWZiLTZlY2YtNDk3MS05OTI2LTdmMWUyMzFmOThkMC9wcm9kdWN0cy8xNzc1NjY2NjIzODQ3X3NoYW1wb29fbWVuLmpwZyIsImlhdCI6MTc3NTY2NjYyMywiZXhwIjoxNzc1NjcwMjIzfQ.QdeGn9FTT1ZT4mx7YesJXu2FOJsWPorHvdDPtC7HrsM	manual	\N	both	approved	none	\N	{"config": {"visual_aggression": 0.3}, "palette": {"accent": "#E93FAA", "neutral": "#64748B", "primary": "#3fe97d", "secondary": "#3FE9D2"}, "version": 2, "logo_usage": {"allow_monochrome": true}, "typography": {"body_font": "sans_clean", "headline_font": "sans_display"}, "positioning": "A entrega mais rápida da cidade!", "visual_seed": "e146f1fb-6ecf-4971-9926-7f1e231f98d0", "visual_style": "minimal", "tone_of_voice": "informative", "image_treatment": {"filter": "cool", "warmth": -0.15, "contrast": 0, "saturation": -0.1}, "brand_temperature": "cool", "background_treatment": {"style": "solid_clean", "intensity": "subtle"}}	{"id": "split", "zones": {"cta_area": {"h": 92, "w": 440, "x": 580, "y": 1070}, "text_area": {"h": 500, "w": 440, "x": 580, "y": 250}, "price_area": {"h": 105, "w": 440, "x": 580, "y": 920}, "branding_area": {"h": 100, "w": 440, "x": 580, "y": 90}, "content_image": {"h": 1350, "w": 540, "x": 0, "y": 0}}, "version": 1}	\N	{}	1	\N
17f01bf9-fc4a-45ac-bd9d-2463b63e1873	2bea634d-8e9e-438a-8152-8f206d434a5c	Ovo de Kinder Bueno	75	geral	sazonal	https://efxiupkxtvhbekyorddn.supabase.co/storage/v1/object/public/campaign-images/stores/2bea634d-8e9e-438a-8152-8f206d434a5c/campaigns/17f01bf9-fc4a-45ac-bd9d-2463b63e1873/art-1774641055774.png	Ovo Kinder Bueno É Aqui!	\N	\N	approved	2026-03-27 19:50:25.556101	A Páscoa ficou mais doce com o seu ovo!	A Páscoa tá chegando e o Ovo de Kinder Bueno já tá na nossa vitrine! 🍫✨ Não perde tempo, garante o teu e deixa a celebração ainda mais gostosa! Chama no Whats e garante o seu! 📲 #TooSweet #Páscoa #OvoDeChocolate	#Páscoa #KinderBueno #Confeitaria	Garantir o meu	2026-03-27 19:50:31.851+00	\N	\N	\N	\N	\N	\N	\N	\N	\N	\N	popular	\N	product	https://efxiupkxtvhbekyorddn.supabase.co/storage/v1/object/sign/campaign-images/stores/2bea634d-8e9e-438a-8152-8f206d434a5c/products/1774641021713_WhatsAppImage2022-03-23at12.47.17.jpeg?token=eyJraWQiOiJzdG9yYWdlLXVybC1zaWduaW5nLWtleV9kMGRjNWU1Zi02MzNmLTRmZDMtOGFmZi0yMzVmNGQxZThjNjIiLCJhbGciOiJIUzI1NiJ9.eyJ1cmwiOiJjYW1wYWlnbi1pbWFnZXMvc3RvcmVzLzJiZWE2MzRkLThlOWUtNDM4YS04MTUyLThmMjA2ZDQzNGE1Yy9wcm9kdWN0cy8xNzc0NjQxMDIxNzEzX1doYXRzQXBwSW1hZ2UyMDIyLTAzLTIzYXQxMi40Ny4xNy5qcGVnIiwiaWF0IjoxNzc0NjQxMDIyLCJleHAiOjE3NzQ2NDQ2MjJ9.t_ICIfpCgRV0rdupS9Q_Tefs-GuUbFljoURnPyux5Ok	manual	\N	both	approved	none	\N	\N	\N	\N	{}	1	\N
7d48b0cb-b447-4064-be32-c09cb3597e55	283410f0-39a0-44ea-b9d1-2a3a8ddcb3d3	Rosquinha de Polvilho	2.99	terceira_idade	promocao	https://efxiupkxtvhbekyorddn.supabase.co/storage/v1/object/sign/campaign-images/stores/283410f0-39a0-44ea-b9d1-2a3a8ddcb3d3/campaigns/7d48b0cb-b447-4064-be32-c09cb3597e55/art-1774659700354.png?token=eyJraWQiOiJzdG9yYWdlLXVybC1zaWduaW5nLWtleV9kMGRjNWU1Zi02MzNmLTRmZDMtOGFmZi0yMzVmNGQxZThjNjIiLCJhbGciOiJIUzI1NiJ9.eyJ1cmwiOiJjYW1wYWlnbi1pbWFnZXMvc3RvcmVzLzI4MzQxMGYwLTM5YTAtNDRlYS1iOWQxLTJhM2E4ZGRjYjNkMy9jYW1wYWlnbnMvN2Q0OGIwY2ItYjQ0Ny00MDY0LWJlMzItYzA5Y2IzNTk3ZTU1L2FydC0xNzc0NjU5NzAwMzU0LnBuZyIsImlhdCI6MTc3NDY1OTcwMSwiZXhwIjoxNzc0NjYzMzAxfQ.s2OwUJmDNCiRTfGWlXtDRewpVNWOLyY4KUFkgOAda-A	Rosquinha de Polvilho!	\N	\N	approved	2026-03-27 00:08:50.222161	Delícia crocante por apenas R$2,99!	Aê, galera da terceira idade! Vem garantir a sua rosquinha fresquinha pra acompanhar o café da tarde! ☕💖 #PadariaDaEsquina #Macapá #RosquinhaFresca	#RosquinhaDePolvilho #CaféDaTarde #Macapá	Garantir a minha	2026-03-28 01:01:42.098+00	\N	\N	\N	\N	\N	\N	\N	\N	\N	\N	familia	\N	product	https://efxiupkxtvhbekyorddn.supabase.co/storage/v1/object/sign/campaign-images/stores/283410f0-39a0-44ea-b9d1-2a3a8ddcb3d3/products/1774570123935_bisc_polvilho.webp?token=eyJraWQiOiJzdG9yYWdlLXVybC1zaWduaW5nLWtleV9kMGRjNWU1Zi02MzNmLTRmZDMtOGFmZi0yMzVmNGQxZThjNjIiLCJhbGciOiJIUzI1NiJ9.eyJ1cmwiOiJjYW1wYWlnbi1pbWFnZXMvc3RvcmVzLzI4MzQxMGYwLTM5YTAtNDRlYS1iOWQxLTJhM2E4ZGRjYjNkMy9wcm9kdWN0cy8xNzc0NTcwMTIzOTM1X2Jpc2NfcG9sdmlsaG8ud2VicCIsImlhdCI6MTc3NDY1OTY4MywiZXhwIjoxNzc0NjYzMjgzfQ.usjZxMaCQ_BwVUx8RrX0NEfh4cw9FnpfPWmvoc59ujI	manual	\N	both	approved	none	\N	\N	\N	\N	{}	1	\N
5ac75919-553d-4dd8-b10c-b5f2da945824	283410f0-39a0-44ea-b9d1-2a3a8ddcb3d3	Cerveja Artesanal 375ml	8.99	geral	novidade	https://efxiupkxtvhbekyorddn.supabase.co/storage/v1/object/public/campaign-images/stores/283410f0-39a0-44ea-b9d1-2a3a8ddcb3d3/campaigns/5ac75919-553d-4dd8-b10c-b5f2da945824/art-1774891239951.png	Cerveja Artesanal Chegou!	\N	\N	approved	2026-03-30 17:20:16.098707	A escolha perfeita para sua Páscoa!	🍻 Chegou a hora de deixar sua festa ainda mais gelada! A Cerveja Artesanal 375ml é a pedida certa pra brindar com os amigos! 💖 Garantir a minha e fazer essa Páscoa ser inesquecível! #AdegaMestreDasGeladas #CervejaArtesanal #Anápolis	#Cerveja #Páscoa #Anápolis	Garantir a minha	2026-03-30 17:20:21.929+00	\N	\N	\N	\N	\N	\N	\N	\N	\N	\N	premium	\N	product	https://efxiupkxtvhbekyorddn.supabase.co/storage/v1/object/sign/campaign-images/stores/283410f0-39a0-44ea-b9d1-2a3a8ddcb3d3/products/1774891210169_before-adega.png?token=eyJraWQiOiJzdG9yYWdlLXVybC1zaWduaW5nLWtleV9kMGRjNWU1Zi02MzNmLTRmZDMtOGFmZi0yMzVmNGQxZThjNjIiLCJhbGciOiJIUzI1NiJ9.eyJ1cmwiOiJjYW1wYWlnbi1pbWFnZXMvc3RvcmVzLzI4MzQxMGYwLTM5YTAtNDRlYS1iOWQxLTJhM2E4ZGRjYjNkMy9wcm9kdWN0cy8xNzc0ODkxMjEwMTY5X2JlZm9yZS1hZGVnYS5wbmciLCJpYXQiOjE3NzQ4OTEyMTAsImV4cCI6MTc3NDg5NDgxMH0.aktUm_dwCWkYChO0MBRnJmqp8CqHRY7R3c-6S2_1YnQ	manual	\N	both	approved	none	\N	\N	\N	\N	{}	1	\N
ae91a842-b098-4650-aac3-e8b9c7683c5f	e146f1fb-6ecf-4971-9926-7f1e231f98d0	Shampoo Clear Men 400ml	24.9	geral	promocao	https://efxiupkxtvhbekyorddn.supabase.co/storage/v1/object/sign/campaign-images/stores/e146f1fb-6ecf-4971-9926-7f1e231f98d0/campaigns/ae91a842-b098-4650-aac3-e8b9c7683c5f/art-1775669104997.png?token=eyJraWQiOiJzdG9yYWdlLXVybC1zaWduaW5nLWtleV9kMGRjNWU1Zi02MzNmLTRmZDMtOGFmZi0yMzVmNGQxZThjNjIiLCJhbGciOiJIUzI1NiJ9.eyJ1cmwiOiJjYW1wYWlnbi1pbWFnZXMvc3RvcmVzL2UxNDZmMWZiLTZlY2YtNDk3MS05OTI2LTdmMWUyMzFmOThkMC9jYW1wYWlnbnMvYWU5MWE4NDItYjA5OC00NjUwLWFhYzMtZThiOWM3NjgzYzVmL2FydC0xNzc1NjY5MTA0OTk3LnBuZyIsImlhdCI6MTc3NTY2OTEwNCwiZXhwIjoxNzc1NjcyNzA0fQ.zmmI96WgxKHJURtE1He7MsKpC_N9nvAM5iMIJuqZBro	Cabelo Forte e Saudável!		\N	approved	2026-04-08 17:12:51.453944	O segredo para um look impecável está aqui!	👋 E aí, pessoal de Rio do Sul! Chegou a hora de cuidar do seu cabelo com o Shampoo Clear Men! 💪 Rápido na entrega e qualidade garantida! Garantir o meu! 🛒💙	#FarmáciaIdeal #RioDoSul #CabeloSaudável	Garantir o meu	2026-04-08 17:25:06.112+00	\N	\N	\N	\N	\N	\N	\N	\N	\N	\N	popular	\N	product	https://efxiupkxtvhbekyorddn.supabase.co/storage/v1/object/sign/campaign-images/stores/e146f1fb-6ecf-4971-9926-7f1e231f98d0/products/1775668367427_shampoo_men.jpg?token=eyJraWQiOiJzdG9yYWdlLXVybC1zaWduaW5nLWtleV9kMGRjNWU1Zi02MzNmLTRmZDMtOGFmZi0yMzVmNGQxZThjNjIiLCJhbGciOiJIUzI1NiJ9.eyJ1cmwiOiJjYW1wYWlnbi1pbWFnZXMvc3RvcmVzL2UxNDZmMWZiLTZlY2YtNDk3MS05OTI2LTdmMWUyMzFmOThkMC9wcm9kdWN0cy8xNzc1NjY4MzY3NDI3X3NoYW1wb29fbWVuLmpwZyIsImlhdCI6MTc3NTY2OTEwMSwiZXhwIjoxNzc1NjcyNzAxfQ._tG8LdhRtzKoItAgm26QsZKNzq63s7VDzi-gI_N7BDw	manual	\N	both	approved	none	\N	{"config": {"visual_aggression": 0.3}, "palette": {"accent": "#E93FAA", "neutral": "#64748B", "primary": "#3fe97d", "secondary": "#3FE9D2"}, "version": 2, "logo_usage": {"allow_monochrome": true}, "typography": {"body_font": "sans_clean", "headline_font": "sans_display"}, "positioning": "A entrega mais rápida da cidade!", "visual_seed": "e146f1fb-6ecf-4971-9926-7f1e231f98d0", "visual_style": "minimal", "tone_of_voice": "informative", "image_treatment": {"filter": "cool", "warmth": -0.15, "contrast": 0, "saturation": -0.1}, "brand_temperature": "cool", "background_treatment": {"style": "solid_clean", "intensity": "subtle"}}	{"id": "split", "zones": {"cta_area": {"h": 92, "w": 440, "x": 580, "y": 1070}, "text_area": {"h": 500, "w": 440, "x": 580, "y": 250}, "price_area": {"h": 105, "w": 440, "x": 580, "y": 920}, "branding_area": {"h": 100, "w": 440, "x": 580, "y": 90}, "content_image": {"h": 1350, "w": 540, "x": 0, "y": 0}}, "version": 1}	\N	{}	1	\N
cc218777-452d-4803-821e-77a9b36c5193	f5b1e0d3-1f8d-4e25-8e52-c86cf6ad7d0c	Desejos de uma Feliz Páscoa	\N	familia	sazonal	\N	Páscoa Colorida!	Nessa primeira campanha queremos aproveitar para tocar nosso público quanto à passagem da Páscoa, desejando bons e doces momentos em família.	\N	ready	2026-04-02 17:50:28.801718	Desejos de uma Feliz Páscoa pra você!	Aqui na Escala Cor, a Páscoa é cheia de cor e alegria! 🐣✨ Garanta as tintas ideais pra dar vida aos seus projetos nessa data tão especial. Chama no Whats e vamos juntos transformar seu lar! 🎨💖	#Páscoa #Tintas #EscalaCor	Garantir o meu	2026-04-02 17:58:58.253+00	\N	\N	\N	\N	\N	\N	\N	\N	\N	\N	familia	\N	product	https://maristalab.com.br/wp-content/uploads/2021/03/postsmaristalab_pascoa.png	manual	\N	both	ready	none	\N	\N	\N	\N	{}	1	\N
87eea644-f840-44f8-ac04-01723a96f840	e146f1fb-6ecf-4971-9926-7f1e231f98d0	Fraldas Babycare	34.99	geral	promocao	https://efxiupkxtvhbekyorddn.supabase.co/storage/v1/object/sign/campaign-images/stores/e146f1fb-6ecf-4971-9926-7f1e231f98d0/campaigns/87eea644-f840-44f8-ac04-01723a96f840/art-1775661960478.png?token=eyJraWQiOiJzdG9yYWdlLXVybC1zaWduaW5nLWtleV9kMGRjNWU1Zi02MzNmLTRmZDMtOGFmZi0yMzVmNGQxZThjNjIiLCJhbGciOiJIUzI1NiJ9.eyJ1cmwiOiJjYW1wYWlnbi1pbWFnZXMvc3RvcmVzL2UxNDZmMWZiLTZlY2YtNDk3MS05OTI2LTdmMWUyMzFmOThkMC9jYW1wYWlnbnMvODdlZWE2NDQtZjg0MC00NGY4LWFjMDQtMDE3MjNhOTZmODQwL2FydC0xNzc1NjYxOTYwNDc4LnBuZyIsImlhdCI6MTc3NTY2MTk2MiwiZXhwIjoxNzc1NjY1NTYyfQ.IQJ7THbQvGS68NLESddduy8qdiNVrhaIi48NJpzPLYY	Fraldas Babycare em Promoção!		\N	approved	2026-04-06 23:24:49.065566	A proteção que seu bebê merece por apenas R$34,99.	🚼 Tu sabia que as Fraldas Babycare estão com um preço imperdível? A entrega mais rápida de Rio do Sul tá te esperando! 🏃‍♂️💨 Garantir a minha agora! 👶💚	#FraldasBabycare #Promoção #FarmáciaIdeal	Garantir a minha	2026-04-08 15:26:03.727+00			\N	\N	\N	\N				\N	popular	\N	product	https://efxiupkxtvhbekyorddn.supabase.co/storage/v1/object/sign/campaign-images/stores/e146f1fb-6ecf-4971-9926-7f1e231f98d0/products/1775517885564_fraldas.jpeg?token=eyJraWQiOiJzdG9yYWdlLXVybC1zaWduaW5nLWtleV9kMGRjNWU1Zi02MzNmLTRmZDMtOGFmZi0yMzVmNGQxZThjNjIiLCJhbGciOiJIUzI1NiJ9.eyJ1cmwiOiJjYW1wYWlnbi1pbWFnZXMvc3RvcmVzL2UxNDZmMWZiLTZlY2YtNDk3MS05OTI2LTdmMWUyMzFmOThkMC9wcm9kdWN0cy8xNzc1NTE3ODg1NTY0X2ZyYWxkYXMuanBlZyIsImlhdCI6MTc3NTY2MTk0MywiZXhwIjoxNzc1NjY1NTQzfQ.JipF7n2ksr_FkHwRgea5q6_NvxwuUbDuAfPhDqrXIGc	manual	\N	both	approved	none	\N	{"config": {"visual_aggression": 0.3}, "palette": {"accent": "#E93FAA", "neutral": "#64748B", "primary": "#3fe97d", "secondary": "#3FE9D2"}, "version": 2, "logo_usage": {"allow_monochrome": true}, "typography": {"body_font": "sans_clean", "headline_font": "sans_display"}, "positioning": "A entrega mais rápida da cidade!", "visual_seed": "e146f1fb-6ecf-4971-9926-7f1e231f98d0", "visual_style": "minimal", "tone_of_voice": "informative", "image_treatment": {"filter": "cool", "warmth": -0.15, "contrast": 0, "saturation": -0.1}, "brand_temperature": "cool", "background_treatment": {"style": "solid_clean", "intensity": "subtle"}}	{"id": "split", "zones": {"cta_area": {"h": 92, "w": 440, "x": 580, "y": 1070}, "text_area": {"h": 500, "w": 440, "x": 580, "y": 250}, "price_area": {"h": 105, "w": 440, "x": 580, "y": 920}, "branding_area": {"h": 100, "w": 440, "x": 580, "y": 90}, "content_image": {"h": 1350, "w": 540, "x": 0, "y": 0}}, "version": 1}	\N	{}	1	\N
9190969b-8ac3-4f7d-9ce9-90fa62eff530	283410f0-39a0-44ea-b9d1-2a3a8ddcb3d3	Biscoito de Polvilho Salgado 100g	2.99	familia	novidade	https://efxiupkxtvhbekyorddn.supabase.co/storage/v1/object/sign/campaign-images/stores/283410f0-39a0-44ea-b9d1-2a3a8ddcb3d3/campaigns/9190969b-8ac3-4f7d-9ce9-90fa62eff530/art-1774807454436.png?token=eyJraWQiOiJzdG9yYWdlLXVybC1zaWduaW5nLWtleV9kMGRjNWU1Zi02MzNmLTRmZDMtOGFmZi0yMzVmNGQxZThjNjIiLCJhbGciOiJIUzI1NiJ9.eyJ1cmwiOiJjYW1wYWlnbi1pbWFnZXMvc3RvcmVzLzI4MzQxMGYwLTM5YTAtNDRlYS1iOWQxLTJhM2E4ZGRjYjNkMy9jYW1wYWlnbnMvOTE5MDk2OWItOGFjMy00ZjdkLTljZTktOTBmYTYyZWZmNTMwL2FydC0xNzc0ODA3NDU0NDM2LnBuZyIsImlhdCI6MTc3NDgwNzQ1NCwiZXhwIjoxNzc0ODExMDU0fQ.uuXzsoEKa1rLbSGF59ljzcshfkn_EmgPEwBmLuYFuaQ	Biscoito de Polvilho Chegou!	Fresquinho e crocante!	\N	approved	2026-03-27 19:14:02.502169	O snack perfeito pra sua festa!	Vem garantir o seu biscoito de polvilho salgado! 🥳💥 Aqui na Padaria da Esquina, o fresquinho é sempre garantido! Chama no Whats e não fica de fora! 📲✨	#BiscoitoDePolvilho #PadariaDaEsquina #Macapá	Garantir o meu	2026-03-29 18:04:15.054+00	Pare tudo e experimente o Biscoito de Polvilho!	Você sabia que o Biscoito de Polvilho Salgado é o snack perfeito pra toda a família? Com um sabor crocante e fresquinho, ele é ideal pra acompanhar aquele café da tarde ou até mesmo pra um lanche rápido. Aqui na Padaria da Esquina, ele tá saindo por só R$ 2,99. Não perde tempo, vem garantir o seu!	[{"scene": 1, "action": "lojista segurando o biscoito", "camera": "POV", "dialogue": "Olha só esse Biscoito de Polvilho Salgado, fresquinho!"}, {"scene": 2, "action": "foco na textura do biscoito", "camera": "close-up", "dialogue": "Crocante e perfeito pra qualquer hora!"}, {"scene": 3, "action": "biscoito em destaque na vitrine", "camera": "ambiente", "dialogue": "Vem pra Padaria da Esquina e leva o seu!"}]	["Fresquinho e crocante!", "Ideal para a família", "Só R$ 2,99"]	Trilha animada e descontraída	25	Biscoito de Polvilho Salgado fresquinho! 🍪 Vem pra cá! #Macapá #PadariaDaEsquina	Leve o seu Biscoito de Polvilho agora mesmo!	#BiscoitoDePolvilho #Macapá #Fresquinho	2026-03-29 15:05:29.112+00	popular	\N	product	https://efxiupkxtvhbekyorddn.supabase.co/storage/v1/object/sign/campaign-images/stores/283410f0-39a0-44ea-b9d1-2a3a8ddcb3d3/products/1774638837083_bisc_polvilho.webp?token=eyJraWQiOiJzdG9yYWdlLXVybC1zaWduaW5nLWtleV9kMGRjNWU1Zi02MzNmLTRmZDMtOGFmZi0yMzVmNGQxZThjNjIiLCJhbGciOiJIUzI1NiJ9.eyJ1cmwiOiJjYW1wYWlnbi1pbWFnZXMvc3RvcmVzLzI4MzQxMGYwLTM5YTAtNDRlYS1iOWQxLTJhM2E4ZGRjYjNkMy9wcm9kdWN0cy8xNzc0NjM4ODM3MDgzX2Jpc2NfcG9sdmlsaG8ud2VicCIsImlhdCI6MTc3NDgwNzQ0NywiZXhwIjoxNzc0ODExMDQ3fQ.DiNdsxpOyhNC6KbGFSqtDcKA2Z8NjAUGrAG_Dagb84Q	manual	\N	both	approved	approved	\N	\N	\N	\N	{}	1	\N
a6d75638-b240-4b79-af1b-45cd73a51ce6	283410f0-39a0-44ea-b9d1-2a3a8ddcb3d3	Cerveja Artesanal 375ml	9.99	jovens_festa	combo	https://efxiupkxtvhbekyorddn.supabase.co/storage/v1/object/public/campaign-images/stores/283410f0-39a0-44ea-b9d1-2a3a8ddcb3d3/campaigns/a6d75638-b240-4b79-af1b-45cd73a51ce6/art-1774879419564.png	Cerveja Artesanal na Festa!	\N	\N	approved	2026-03-30 14:02:36.262562	Sua festa merece o melhor sabor. 🍻	Chegou a hora de garantir a sua Cerveja Artesanal 375ml! Perfeita pra alegrar a galera! 🎉 Chama no Whats e garante o combo! #AdegaMestreDasGeladas #CervejaArtesanal #Anápolis	#CervejaArtesanal #Festa #Anápolis	Chamar no Whats	2026-03-30 14:02:42.493+00	\N	\N	\N	\N	\N	\N	\N	\N	\N	\N	medio	\N	product	https://efxiupkxtvhbekyorddn.supabase.co/storage/v1/object/sign/campaign-images/stores/283410f0-39a0-44ea-b9d1-2a3a8ddcb3d3/products/1774879352193_before-adega.png?token=eyJraWQiOiJzdG9yYWdlLXVybC1zaWduaW5nLWtleV9kMGRjNWU1Zi02MzNmLTRmZDMtOGFmZi0yMzVmNGQxZThjNjIiLCJhbGciOiJIUzI1NiJ9.eyJ1cmwiOiJjYW1wYWlnbi1pbWFnZXMvc3RvcmVzLzI4MzQxMGYwLTM5YTAtNDRlYS1iOWQxLTJhM2E4ZGRjYjNkMy9wcm9kdWN0cy8xNzc0ODc5MzUyMTkzX2JlZm9yZS1hZGVnYS5wbmciLCJpYXQiOjE3NzQ4NzkzNTMsImV4cCI6MTc3NDg4Mjk1M30.3g3to9CNa9Sl682NnmefO_uPcVvZoLwWsmYdKtwXCzA	manual	\N	both	approved	none	\N	\N	\N	\N	{}	1	\N
e629ca8b-8096-4bb7-9304-0b123b4cc535	283410f0-39a0-44ea-b9d1-2a3a8ddcb3d3	Banho & Tosa	99.9	geral	engajamento	https://efxiupkxtvhbekyorddn.supabase.co/storage/v1/object/public/campaign-images/stores/283410f0-39a0-44ea-b9d1-2a3a8ddcb3d3/campaigns/e629ca8b-8096-4bb7-9304-0b123b4cc535/art-1774884132794.png	Seu peludo merece!	\N	\N	approved	2026-03-30 15:21:45.466318	Transforme o visual do seu aumigo por R$99,90.	🐾 A Páscoa tá chegando e seu pet merece um look incrível! Vem dar um trato no seu bicho mimado! 🐶✨ Além do banho e tosa, temos acessórios especiais pra deixar seu pet ainda mais charmoso! Chama no Whats! 📲	#PetShopBichoMimado #BanhoETosa #PáscoaPet	Garantir o meu	2026-03-30 15:21:49.832+00	\N	\N	\N	\N	\N	\N	\N	\N	\N	\N	familia	\N	service	https://efxiupkxtvhbekyorddn.supabase.co/storage/v1/object/sign/campaign-images/stores/283410f0-39a0-44ea-b9d1-2a3a8ddcb3d3/products/1774884093537_pet_shop_dog_happy_bath_professional_care_1774881243271.png?token=eyJraWQiOiJzdG9yYWdlLXVybC1zaWduaW5nLWtleV9kMGRjNWU1Zi02MzNmLTRmZDMtOGFmZi0yMzVmNGQxZThjNjIiLCJhbGciOiJIUzI1NiJ9.eyJ1cmwiOiJjYW1wYWlnbi1pbWFnZXMvc3RvcmVzLzI4MzQxMGYwLTM5YTAtNDRlYS1iOWQxLTJhM2E4ZGRjYjNkMy9wcm9kdWN0cy8xNzc0ODg0MDkzNTM3X3BldF9zaG9wX2RvZ19oYXBweV9iYXRoX3Byb2Zlc3Npb25hbF9jYXJlXzE3NzQ4ODEyNDMyNzEucG5nIiwiaWF0IjoxNzc0ODg0MDk0LCJleHAiOjE3NzQ4ODc2OTR9.9LbxT7rph62t-OZEw5_U56OvvKc9uXEPB-75Ympq_Rg	manual	\N	both	approved	none	\N	\N	\N	\N	{}	1	\N
14684b89-cf86-4a19-af4a-d8796e4e7917	283410f0-39a0-44ea-b9d1-2a3a8ddcb3d3	Vestido Emerald Chic	599.9	mulheres	novidade	https://efxiupkxtvhbekyorddn.supabase.co/storage/v1/object/public/campaign-images/stores/283410f0-39a0-44ea-b9d1-2a3a8ddcb3d3/campaigns/14684b89-cf86-4a19-af4a-d8796e4e7917/art-1774885029647.png	Seu Look Perfeito Está Aqui!	Venha conferir as novidades da nossa coleção Outono/Inverno	\N	approved	2026-03-30 15:36:31.30963	O vestido Emerald Chic chegou para brilhar!	Oi, gurias! ✨ O vestido que todo mundo deseja já tá na Boutique Aura Concept! Vem garantir a sua elegância e arrasar nas festas! 💚 #Estilo #Moda #RibeirãoPreto	#VestidoEmeraldChic #BoutiqueAura #OutonoInverno	Garantir a minha	2026-03-30 15:36:35.68+00	\N	\N	\N	\N	\N	\N	\N	\N	\N	\N	premium	\N	product	https://efxiupkxtvhbekyorddn.supabase.co/storage/v1/object/sign/campaign-images/stores/283410f0-39a0-44ea-b9d1-2a3a8ddcb3d3/products/1774884976952_before_boutique_dress_amateur_1774884498730.png?token=eyJraWQiOiJzdG9yYWdlLXVybC1zaWduaW5nLWtleV9kMGRjNWU1Zi02MzNmLTRmZDMtOGFmZi0yMzVmNGQxZThjNjIiLCJhbGciOiJIUzI1NiJ9.eyJ1cmwiOiJjYW1wYWlnbi1pbWFnZXMvc3RvcmVzLzI4MzQxMGYwLTM5YTAtNDRlYS1iOWQxLTJhM2E4ZGRjYjNkMy9wcm9kdWN0cy8xNzc0ODg0OTc2OTUyX2JlZm9yZV9ib3V0aXF1ZV9kcmVzc19hbWF0ZXVyXzE3NzQ4ODQ0OTg3MzAucG5nIiwiaWF0IjoxNzc0ODg0OTc3LCJleHAiOjE3NzQ4ODg1Nzd9.-O3dyM3QF3c2CsIuHu9hR6ps8gnmWMWmG4Hc5K0KnGo	manual	\N	both	approved	none	\N	\N	\N	\N	{}	1	\N
76c90888-d0a9-4cc0-b78e-f835931c621c	e146f1fb-6ecf-4971-9926-7f1e231f98d0	Perfume KaiaK	149.9	familia	novidade	https://efxiupkxtvhbekyorddn.supabase.co/storage/v1/object/public/campaign-images/stores/e146f1fb-6ecf-4971-9926-7f1e231f98d0/campaigns/76c90888-d0a9-4cc0-b78e-f835931c621c/art-1775867874523.png	Perfume KaiaK é aqui!	\N	\N	approved	2026-04-11 00:37:32.131385	O segredo para um aroma irresistível.	Rapaziada, tá na hora de deixar o cheiro lá em cima! O Perfume KaiaK chegou pra dar aquele toque especial na sua presença. Garantir o seu e sair com a autoestima lá em cima! 💪✨ #JoãoBarber #PerfumeKaiaK #EstiloPremium	#RioDoSul #Barbearia #CheiroBom	Garantir o meu	2026-04-11 00:37:38.666+00	\N	\N	\N	\N	\N	\N	\N	\N	\N	\N	jovem	\N	product	https://efxiupkxtvhbekyorddn.supabase.co/storage/v1/object/sign/campaign-images/stores/e146f1fb-6ecf-4971-9926-7f1e231f98d0/products/1775867842124_MIOLO1.jpg?token=eyJraWQiOiJzdG9yYWdlLXVybC1zaWduaW5nLWtleV9kMGRjNWU1Zi02MzNmLTRmZDMtOGFmZi0yMzVmNGQxZThjNjIiLCJhbGciOiJIUzI1NiJ9.eyJ1cmwiOiJjYW1wYWlnbi1pbWFnZXMvc3RvcmVzL2UxNDZmMWZiLTZlY2YtNDk3MS05OTI2LTdmMWUyMzFmOThkMC9wcm9kdWN0cy8xNzc1ODY3ODQyMTI0X01JT0xPMS5qcGciLCJpYXQiOjE3NzU4Njc4NDIsImV4cCI6MTc3NTg3MTQ0Mn0.GNYTqzkTySp4uzI10j4oPh2Xpw8Kf6AvRHzPBGJELmk	manual	\N	both	approved	none	\N	\N	\N	{"reason": "Mais foco no produto", "source": "visual_intent", "userAccepted": true, "resolverVersion": "1.1.0", "suggestedLayout": "floating", "userSelectedLayout": "floating"}	{}	1	\N
9d4da68e-9632-4455-b7fc-0877c16e1f5a	283410f0-39a0-44ea-b9d1-2a3a8ddcb3d3	Brigadeiro de chocolate	8.99	infantil	novidade	https://efxiupkxtvhbekyorddn.supabase.co/storage/v1/object/sign/campaign-images/stores/283410f0-39a0-44ea-b9d1-2a3a8ddcb3d3/campaigns/9d4da68e-9632-4455-b7fc-0877c16e1f5a/art-1774916698492.png?token=eyJraWQiOiJzdG9yYWdlLXVybC1zaWduaW5nLWtleV9kMGRjNWU1Zi02MzNmLTRmZDMtOGFmZi0yMzVmNGQxZThjNjIiLCJhbGciOiJIUzI1NiJ9.eyJ1cmwiOiJjYW1wYWlnbi1pbWFnZXMvc3RvcmVzLzI4MzQxMGYwLTM5YTAtNDRlYS1iOWQxLTJhM2E4ZGRjYjNkMy9jYW1wYWlnbnMvOWQ0ZGE2OGUtOTYzMi00NDU1LWI3ZmMtMDg3N2MxNmUxZjVhL2FydC0xNzc0OTE2Njk4NDkyLnBuZyIsImlhdCI6MTc3NDkxNjY5OSwiZXhwIjoxNzc0OTIwMjk5fQ.nwb56oxQE3fQDp1vCqQM8TNM5Wuv-8ZSa8JZthi3sS4	Brigadeiro Delícia!		\N	approved	2026-03-26 23:23:59.225642	O sabor que vai fazer sua festa brilhar!	🎉 Páscoa tá chegando e o brigadeiro de chocolate é a escolha certa pra deixar sua festa ainda mais gostosa! Vem garantir o seu! 🐣🍫 #AdegaMestreDasGeladas #Brigadeiro #Páscoa	#Brigadeiro #Páscoa #AdegaMestre	Garantir o meu	2026-03-31 00:24:59.809+00	\N	\N	\N	\N	\N	\N	\N	\N	\N	\N	familia	\N	product	https://efxiupkxtvhbekyorddn.supabase.co/storage/v1/object/sign/campaign-images/uploads/dd70daff-70e1-47bb-b978-092e2972bbf0/products/1774570347751_brigadeiro.avif?token=eyJraWQiOiJzdG9yYWdlLXVybC1zaWduaW5nLWtleV9kMGRjNWU1Zi02MzNmLTRmZDMtOGFmZi0yMzVmNGQxZThjNjIiLCJhbGciOiJIUzI1NiJ9.eyJ1cmwiOiJjYW1wYWlnbi1pbWFnZXMvdXBsb2Fkcy9kZDcwZGFmZi03MGUxLTQ3YmItYjk3OC0wOTJlMjk3MmJiZjAvcHJvZHVjdHMvMTc3NDU3MDM0Nzc1MV9icmlnYWRlaXJvLmF2aWYiLCJpYXQiOjE3NzQ5MTY2MDksImV4cCI6MTc3NDkyMDIwOX0.zKcWyBesWxBh3v8wHgYF7wJMfSpxsAVKwFDSvx4mTMM	manual	\N	both	approved	none	\N	\N	\N	\N	{}	1	\N
477805a3-ba3e-478f-97fb-9e5f9c11eef3	283410f0-39a0-44ea-b9d1-2a3a8ddcb3d3	Cerveja Heineken 600ml	8.99	geral	novidade	stores/283410f0-39a0-44ea-b9d1-2a3a8ddcb3d3/campaigns/477805a3-ba3e-478f-97fb-9e5f9c11eef3/art-1776283514303.png	A Heineken é sua!		\N	approved	2026-04-02 21:59:14.572428	Aperte o play na sua festa com Heineken 600ml.	🍻 E aí, Anápolis! Sua festa merece uma Heineken gelada! Garanta a sua e faça a alegria da galera! Chama no Whats! 🎉🥳	#Heineken #FestaGelada #AdegaMestreDasGeladas	Garantir a minha	2026-04-15 20:05:16.527+00			\N	\N	\N	\N				\N	medio	\N	product	https://efxiupkxtvhbekyorddn.supabase.co/storage/v1/object/sign/campaign-images/stores/283410f0-39a0-44ea-b9d1-2a3a8ddcb3d3/products/1775167147964_heinecken_600.jpg?token=eyJraWQiOiJzdG9yYWdlLXVybC1zaWduaW5nLWtleV9kMGRjNWU1Zi02MzNmLTRmZDMtOGFmZi0yMzVmNGQxZThjNjIiLCJhbGciOiJIUzI1NiJ9.eyJ1cmwiOiJjYW1wYWlnbi1pbWFnZXMvc3RvcmVzLzI4MzQxMGYwLTM5YTAtNDRlYS1iOWQxLTJhM2E4ZGRjYjNkMy9wcm9kdWN0cy8xNzc1MTY3MTQ3OTY0X2hlaW5lY2tlbl82MDAuanBnIiwiaWF0IjoxNzc2MjgzNTA0LCJleHAiOjE3NzYyODcxMDR9.PdXJa3RYTW1fuiRA1MgUSKBIoQqaCtS7y65GhlnBmB4	manual	\N	both	approved	none	\N	\N	\N	\N	{}	1	\N
30a0ec4b-e613-40cd-9ba6-c5cec9bf739c	283410f0-39a0-44ea-b9d1-2a3a8ddcb3d3	Cerveja Heineken 600ml	8.99	geral	promocao	https://efxiupkxtvhbekyorddn.supabase.co/storage/v1/object/public/campaign-images/stores/283410f0-39a0-44ea-b9d1-2a3a8ddcb3d3/campaigns/30a0ec4b-e613-40cd-9ba6-c5cec9bf739c/art-1775671613952.png	Heineken por R$8,99!	\N	\N	approved	2026-04-08 18:06:43.157917	Sua festa merece essa gelada!	Bora garantir a sua Heineken gelada, povo! 🍻 A festa tá chamando e a gente tem tudo pra animar! Chama no Whats pra reservar a sua! 🎉 #Anápolis #Heineken #FestaBacana	#Heineken #CervejaGelada #AdegaMestreDasGeladas	Chamar no Whats	2026-04-08 18:06:50.357+00	\N	\N	\N	\N	\N	\N	\N	\N	\N	\N	popular	\N	product	https://efxiupkxtvhbekyorddn.supabase.co/storage/v1/object/sign/campaign-images/stores/283410f0-39a0-44ea-b9d1-2a3a8ddcb3d3/products/1775671600545_heinecken_600.jpg?token=eyJraWQiOiJzdG9yYWdlLXVybC1zaWduaW5nLWtleV9kMGRjNWU1Zi02MzNmLTRmZDMtOGFmZi0yMzVmNGQxZThjNjIiLCJhbGciOiJIUzI1NiJ9.eyJ1cmwiOiJjYW1wYWlnbi1pbWFnZXMvc3RvcmVzLzI4MzQxMGYwLTM5YTAtNDRlYS1iOWQxLTJhM2E4ZGRjYjNkMy9wcm9kdWN0cy8xNzc1NjcxNjAwNTQ1X2hlaW5lY2tlbl82MDAuanBnIiwiaWF0IjoxNzc1NjcxNjAwLCJleHAiOjE3NzU2NzUyMDB9.lgcPM5ZoQVCMMThiL9I-KXNXWkaE1XV3Fpc6y4UlO8A	manual	\N	both	approved	none	\N	{"config": {"visual_aggression": 0.4}, "palette": {"accent": "#000000", "neutral": "#78716C", "primary": "#b76d06", "secondary": "#E8A03B"}, "version": 2, "logo_usage": {"allow_monochrome": true}, "typography": {"body_font": "sans_clean", "headline_font": "serif_elegant"}, "positioning": "Aqui a sua festa é muito melhor!", "visual_seed": "283410f0-39a0-44ea-b9d1-2a3a8ddcb3d3", "visual_style": "luxury", "tone_of_voice": "premium", "image_treatment": {"filter": "warm", "warmth": 0.15, "contrast": 0.05, "saturation": 0}, "brand_temperature": "warm", "background_treatment": {"style": "editorial_shadow", "intensity": "balanced"}}	{"id": "split", "zones": {"cta_area": {"h": 92, "w": 440, "x": 580, "y": 1070}, "text_area": {"h": 500, "w": 440, "x": 580, "y": 250}, "price_area": {"h": 105, "w": 440, "x": 580, "y": 920}, "branding_area": {"h": 100, "w": 440, "x": 580, "y": 90}, "content_image": {"h": 1350, "w": 540, "x": 0, "y": 0}}, "version": 1}	\N	{}	1	\N
b784e38f-97aa-46b8-97a5-4692ddf00476	283410f0-39a0-44ea-b9d1-2a3a8ddcb3d3	Cerveja Heineken 600ml	8.99	geral	promocao	https://efxiupkxtvhbekyorddn.supabase.co/storage/v1/object/public/campaign-images/stores/283410f0-39a0-44ea-b9d1-2a3a8ddcb3d3/campaigns/b784e38f-97aa-46b8-97a5-4692ddf00476/art-1775685755378.png	Heineken a R$8,99!	\N	\N	approved	2026-04-08 22:02:00.646016	A melhor para sua festa de Páscoa!	🍻 E aí, Anápolis! Sua festa merece uma Heineken gelada! Vem garantir a sua e fazer aquele brinde top! 🎉 #Heineken #AdegaMestreDasGeladas #Páscoa	#Heineken #Cerveja #Páscoa	Garantir a minha	2026-04-08 22:02:07.109+00	\N	\N	\N	\N	\N	\N	\N	\N	\N	\N	premium	\N	product	https://efxiupkxtvhbekyorddn.supabase.co/storage/v1/object/sign/campaign-images/stores/283410f0-39a0-44ea-b9d1-2a3a8ddcb3d3/products/1775685717298_heinecken_600.jpg?token=eyJraWQiOiJzdG9yYWdlLXVybC1zaWduaW5nLWtleV9kMGRjNWU1Zi02MzNmLTRmZDMtOGFmZi0yMzVmNGQxZThjNjIiLCJhbGciOiJIUzI1NiJ9.eyJ1cmwiOiJjYW1wYWlnbi1pbWFnZXMvc3RvcmVzLzI4MzQxMGYwLTM5YTAtNDRlYS1iOWQxLTJhM2E4ZGRjYjNkMy9wcm9kdWN0cy8xNzc1Njg1NzE3Mjk4X2hlaW5lY2tlbl82MDAuanBnIiwiaWF0IjoxNzc1Njg1NzE2LCJleHAiOjE3NzU2ODkzMTZ9.w-pJTeVSayNx6THaZUcRDESUUJNh03MvAZYMojpbevo	manual	\N	both	approved	none	\N	\N	\N	\N	{}	1	\N
fd98dd64-f023-4d26-adca-252d424315c4	283410f0-39a0-44ea-b9d1-2a3a8ddcb3d3	Cerveja Heineken 600ml	8.99	geral	promocao	https://efxiupkxtvhbekyorddn.supabase.co/storage/v1/object/sign/campaign-images/stores/283410f0-39a0-44ea-b9d1-2a3a8ddcb3d3/campaigns/fd98dd64-f023-4d26-adca-252d424315c4/art-1775661861490.png?token=eyJraWQiOiJzdG9yYWdlLXVybC1zaWduaW5nLWtleV9kMGRjNWU1Zi02MzNmLTRmZDMtOGFmZi0yMzVmNGQxZThjNjIiLCJhbGciOiJIUzI1NiJ9.eyJ1cmwiOiJjYW1wYWlnbi1pbWFnZXMvc3RvcmVzLzI4MzQxMGYwLTM5YTAtNDRlYS1iOWQxLTJhM2E4ZGRjYjNkMy9jYW1wYWlnbnMvZmQ5OGRkNjQtZjAyMy00ZDI2LWFkY2EtMjUyZDQyNDMxNWM0L2FydC0xNzc1NjYxODYxNDkwLnBuZyIsImlhdCI6MTc3NTY2MTg2MSwiZXhwIjoxNzc1NjY1NDYxfQ.GT5rmt5lBXrJUH1_p7djxuL-GY1Fv7eVI4TeI5Yg6Ik	Heineken a R$8,99!		\N	approved	2026-04-06 23:20:56.083011	A cerveja que faz sua festa brilhar!	Ô gente, a Heineken tá saindo por apenas R$8,99! 🍻 Vem garantir a sua e deixar a festa muito mais gelada! 🍺🎉 Se precisar, tem petiscos e snacks pra acompanhar também! 💚 #Heineken #CervejaGelada #AdegaMestreDasGeladas	#Heineken #CervejaGelada #Festa	Garantir a minha	2026-04-08 15:24:23.177+00	\N	\N	\N	\N	\N	\N	\N	\N	\N	\N	popular	\N	product	https://efxiupkxtvhbekyorddn.supabase.co/storage/v1/object/sign/campaign-images/stores/283410f0-39a0-44ea-b9d1-2a3a8ddcb3d3/products/1775517652227_heinecken_600.jpg?token=eyJraWQiOiJzdG9yYWdlLXVybC1zaWduaW5nLWtleV9kMGRjNWU1Zi02MzNmLTRmZDMtOGFmZi0yMzVmNGQxZThjNjIiLCJhbGciOiJIUzI1NiJ9.eyJ1cmwiOiJjYW1wYWlnbi1pbWFnZXMvc3RvcmVzLzI4MzQxMGYwLTM5YTAtNDRlYS1iOWQxLTJhM2E4ZGRjYjNkMy9wcm9kdWN0cy8xNzc1NTE3NjUyMjI3X2hlaW5lY2tlbl82MDAuanBnIiwiaWF0IjoxNzc1NjYxODM3LCJleHAiOjE3NzU2NjU0Mzd9.TrBMwwjKEGeBlozAouGYcPl6zhcI_qqWKUd0eyZmNtE	manual	\N	both	approved	none	\N	{"config": {"visual_aggression": 0.4}, "palette": {"accent": "#000000", "neutral": "#78716C", "primary": "#b76d06", "secondary": "#E8A03B"}, "version": 2, "logo_usage": {"allow_monochrome": true}, "typography": {"body_font": "sans_clean", "headline_font": "serif_elegant"}, "positioning": "Aqui a sua festa é muito melhor!", "visual_seed": "283410f0-39a0-44ea-b9d1-2a3a8ddcb3d3", "visual_style": "luxury", "tone_of_voice": "premium", "image_treatment": {"filter": "warm", "warmth": 0.15, "contrast": 0.05, "saturation": 0}, "brand_temperature": "warm", "background_treatment": {"style": "editorial_shadow", "intensity": "balanced"}}	{"id": "split", "zones": {"cta_area": {"h": 92, "w": 440, "x": 580, "y": 1070}, "text_area": {"h": 500, "w": 440, "x": 580, "y": 250}, "price_area": {"h": 105, "w": 440, "x": 580, "y": 920}, "branding_area": {"h": 100, "w": 440, "x": 580, "y": 90}, "content_image": {"h": 1350, "w": 540, "x": 0, "y": 0}}, "version": 1}	\N	{}	1	\N
db35e5c3-15f6-488b-8302-8ddbae9c076b	e146f1fb-6ecf-4971-9926-7f1e231f98d0	Shampoo Clear Men 400ml	24.9	geral	promocao	https://efxiupkxtvhbekyorddn.supabase.co/storage/v1/object/public/campaign-images/stores/e146f1fb-6ecf-4971-9926-7f1e231f98d0/campaigns/db35e5c3-15f6-488b-8302-8ddbae9c076b/art-1775669185251.png	Cabelo Limpo é Aqui!	\N	\N	approved	2026-04-08 17:26:16.140016	O segredo para um look impecável.	Rapaziada, o Shampoo Clear Men tá com um precinho especial só hoje! 💥 Não vacila e garante o teu! 🧴✨ #FarmaciaIdeal #RioDoSul #CuidadoMasculino	#Shampoo #ClearMen #CuidadoCapilar	Garantir o meu	2026-04-08 17:26:21.133+00	\N	\N	\N	\N	\N	\N	\N	\N	\N	\N	popular	\N	product	https://efxiupkxtvhbekyorddn.supabase.co/storage/v1/object/sign/campaign-images/stores/e146f1fb-6ecf-4971-9926-7f1e231f98d0/products/1775669173200_shampoo_men.jpg?token=eyJraWQiOiJzdG9yYWdlLXVybC1zaWduaW5nLWtleV9kMGRjNWU1Zi02MzNmLTRmZDMtOGFmZi0yMzVmNGQxZThjNjIiLCJhbGciOiJIUzI1NiJ9.eyJ1cmwiOiJjYW1wYWlnbi1pbWFnZXMvc3RvcmVzL2UxNDZmMWZiLTZlY2YtNDk3MS05OTI2LTdmMWUyMzFmOThkMC9wcm9kdWN0cy8xNzc1NjY5MTczMjAwX3NoYW1wb29fbWVuLmpwZyIsImlhdCI6MTc3NTY2OTE3MywiZXhwIjoxNzc1NjcyNzczfQ.eoFHo_XA3IVtg8nAS6k4oN_t1pFY7v6NKNWRPnz0_ms	manual	\N	both	approved	none	\N	{"config": {"visual_aggression": 0.3}, "palette": {"accent": "#E93FAA", "neutral": "#64748B", "primary": "#3fe97d", "secondary": "#3FE9D2"}, "version": 2, "logo_usage": {"allow_monochrome": true}, "typography": {"body_font": "sans_clean", "headline_font": "sans_display"}, "positioning": "A entrega mais rápida da cidade!", "visual_seed": "e146f1fb-6ecf-4971-9926-7f1e231f98d0", "visual_style": "minimal", "tone_of_voice": "informative", "image_treatment": {"filter": "cool", "warmth": -0.15, "contrast": 0, "saturation": -0.1}, "brand_temperature": "cool", "background_treatment": {"style": "solid_clean", "intensity": "subtle"}}	{"id": "split", "zones": {"cta_area": {"h": 92, "w": 440, "x": 580, "y": 1070}, "text_area": {"h": 500, "w": 440, "x": 580, "y": 250}, "price_area": {"h": 105, "w": 440, "x": 580, "y": 920}, "branding_area": {"h": 100, "w": 440, "x": 580, "y": 90}, "content_image": {"h": 1350, "w": 540, "x": 0, "y": 0}}, "version": 1}	\N	{}	1	\N
901acf94-7cd2-4f03-b412-a5931988fc1d	e36fa482-3d4d-464f-92e5-bbd73b2f37ea	Arranjo Com Carinho	\N	familia	sazonal	https://efxiupkxtvhbekyorddn.supabase.co/storage/v1/object/public/campaign-images/stores/e36fa482-3d4d-464f-92e5-bbd73b2f37ea/campaigns/901acf94-7cd2-4f03-b412-a5931988fc1d/art-1775261568651.png	Arranjos de Páscoa! 🐰🌷	\N	\N	approved	2026-04-04 00:11:10.781681	Surpreenda quem você ama com carinho!	A Páscoa tá chegando, e nada melhor que um Arranjo Com Carinho pra deixar tudo mais bonito! 🌼✨ Garantir o meu e encantar quem amo! 💖 #FloriculturaSP #Páscoa #ArranjosFlorais	#Páscoa #Flores #Amor	Garantir o meu	2026-04-04 00:11:17.219+00	\N	\N	\N	\N	\N	\N	\N	\N	\N	\N	familia	\N	product	https://efxiupkxtvhbekyorddn.supabase.co/storage/v1/object/sign/campaign-images/stores/e36fa482-3d4d-464f-92e5-bbd73b2f37ea/products/1775261467841_arranjo_floral.jpg?token=eyJraWQiOiJzdG9yYWdlLXVybC1zaWduaW5nLWtleV9kMGRjNWU1Zi02MzNmLTRmZDMtOGFmZi0yMzVmNGQxZThjNjIiLCJhbGciOiJIUzI1NiJ9.eyJ1cmwiOiJjYW1wYWlnbi1pbWFnZXMvc3RvcmVzL2UzNmZhNDgyLTNkNGQtNDY0Zi05MmU1LWJiZDczYjJmMzdlYS9wcm9kdWN0cy8xNzc1MjYxNDY3ODQxX2FycmFuam9fZmxvcmFsLmpwZyIsImlhdCI6MTc3NTI2MTQ2NiwiZXhwIjoxNzc1MjY1MDY2fQ.UOH5g2Hw7MMruS-r4bt1y8o-5PbJg-kEJX-n0nUm6zI	manual	\N	both	approved	none	NOVIDADE	\N	\N	\N	{}	1	\N
59e554af-01e2-44d3-ab3b-526d71cd2f19	283410f0-39a0-44ea-b9d1-2a3a8ddcb3d3	Cerveja Heineken 600ml	8.99	geral	promocao	stores/283410f0-39a0-44ea-b9d1-2a3a8ddcb3d3/campaigns/59e554af-01e2-44d3-ab3b-526d71cd2f19/art-1776282856738.png	Heineken a R$8,99!		\N	approved	2026-04-14 01:31:38.360445	A sua festa merece essa gelada!	Ô, pessoal! 🍻 Aqui na Adega Mestre das Geladas, a Heineken tá a R$8,99! Não perde tempo, hein? Bora garantir a sua e fazer aquele brinde! 🥳 #Anápolis #Cerveja #Festa	#Heineken #Gelada #AdegaMestreDasGeladas	Garantir a minha	2026-04-15 19:54:18.092+00	\N	\N	\N	\N	\N	\N	\N	\N	\N	\N	popular	\N	product	https://efxiupkxtvhbekyorddn.supabase.co/storage/v1/object/sign/campaign-images/stores/283410f0-39a0-44ea-b9d1-2a3a8ddcb3d3/products/1776130293505_heineken.jpg?token=eyJraWQiOiJzdG9yYWdlLXVybC1zaWduaW5nLWtleV9kMGRjNWU1Zi02MzNmLTRmZDMtOGFmZi0yMzVmNGQxZThjNjIiLCJhbGciOiJIUzI1NiJ9.eyJ1cmwiOiJjYW1wYWlnbi1pbWFnZXMvc3RvcmVzLzI4MzQxMGYwLTM5YTAtNDRlYS1iOWQxLTJhM2E4ZGRjYjNkMy9wcm9kdWN0cy8xNzc2MTMwMjkzNTA1X2hlaW5la2VuLmpwZyIsImlhdCI6MTc3NjI4Mjg0NCwiZXhwIjoxNzc2Mjg2NDQ0fQ.Cj9m3RdRBi-_GlySUaJ0WRJHgNPfhdOw47irRQwZaNg	manual	\N	both	approved	none	\N	\N	\N	\N	{}	1	\N
1c42f527-1df1-4363-a4ed-3c8a72ad6246	f93fa732-c339-4af8-b45d-1748369ae669	Farinha de trigo 5k	14.9	geral	promocao	https://efxiupkxtvhbekyorddn.supabase.co/storage/v1/object/sign/campaign-images/stores/f93fa732-c339-4af8-b45d-1748369ae669/campaigns/1c42f527-1df1-4363-a4ed-3c8a72ad6246/art-1775607770281.png?token=eyJraWQiOiJzdG9yYWdlLXVybC1zaWduaW5nLWtleV9kMGRjNWU1Zi02MzNmLTRmZDMtOGFmZi0yMzVmNGQxZThjNjIiLCJhbGciOiJIUzI1NiJ9.eyJ1cmwiOiJjYW1wYWlnbi1pbWFnZXMvc3RvcmVzL2Y5M2ZhNzMyLWMzMzktNGFmOC1iNDVkLTE3NDgzNjlhZTY2OS9jYW1wYWlnbnMvMWM0MmY1MjctMWRmMS00MzYzLWE0ZWQtM2M4YTcyYWQ2MjQ2L2FydC0xNzc1NjA3NzcwMjgxLnBuZyIsImlhdCI6MTc3NTYwNzc2OSwiZXhwIjoxNzc1NjExMzY5fQ.SZ7dapOpOAWTIGpgiodD6VHHq9Ks0yUeY6Fr3UsyZRk	Páscoa Deliciosa!		\N	approved	2026-04-06 23:27:30.425972	A farinha perfeita pra seus doces de Páscoa.	Oi, meu povo! 🐰🎉 A farinha de trigo 5kg tá saindo por só R$14,90! É pra você fazer aquele bolinho ou pão caseiro que todo mundo ama! Vem garantir a sua aqui na Mercearia da Maria! 🛒💚	#Páscoa #FarinhaDeTrigo #MerceariaDaMaria	Garantir a minha	2026-04-08 00:22:50.956+00			\N	\N	\N	\N				\N	popular	\N	product	https://efxiupkxtvhbekyorddn.supabase.co/storage/v1/object/sign/campaign-images/stores/f93fa732-c339-4af8-b45d-1748369ae669/products/1775518046043_trigo.jpg?token=eyJraWQiOiJzdG9yYWdlLXVybC1zaWduaW5nLWtleV9kMGRjNWU1Zi02MzNmLTRmZDMtOGFmZi0yMzVmNGQxZThjNjIiLCJhbGciOiJIUzI1NiJ9.eyJ1cmwiOiJjYW1wYWlnbi1pbWFnZXMvc3RvcmVzL2Y5M2ZhNzMyLWMzMzktNGFmOC1iNDVkLTE3NDgzNjlhZTY2OS9wcm9kdWN0cy8xNzc1NTE4MDQ2MDQzX3RyaWdvLmpwZyIsImlhdCI6MTc3NTYwNzc2NywiZXhwIjoxNzc1NjExMzY3fQ.TwAdMaAvpurPHTLgpqcVpgC5QZt1A53N2c1UJbKIZXE	manual	\N	both	approved	none	\N	{"config": {"visual_aggression": 0.75}, "palette": {"accent": "#000000", "neutral": "#64748B", "primary": "#0f14a9", "secondary": "#090C63"}, "version": 2, "logo_usage": {"allow_monochrome": true}, "typography": {"body_font": "sans_clean", "headline_font": "rounded_bold"}, "positioning": "O melhor preço de medicamentos e a melhor entrega da região.", "visual_seed": "f93fa732-c339-4af8-b45d-1748369ae669", "visual_style": "bold", "tone_of_voice": "friendly", "image_treatment": {"filter": "high_contrast", "warmth": -0.15, "contrast": 0.1, "saturation": 0}, "brand_temperature": "cool", "background_treatment": {"style": "geometric_bold", "intensity": "expressive"}}	{"id": "split", "zones": {"cta_area": {"h": 92, "w": 440, "x": 580, "y": 1070}, "text_area": {"h": 500, "w": 440, "x": 580, "y": 250}, "price_area": {"h": 105, "w": 440, "x": 580, "y": 920}, "branding_area": {"h": 100, "w": 440, "x": 580, "y": 90}, "content_image": {"h": 1350, "w": 540, "x": 0, "y": 0}}, "version": 1}	\N	{}	1	\N
05c537ac-63a6-4526-b72c-c238cedb251a	e146f1fb-6ecf-4971-9926-7f1e231f98d0	shampoo Clear 400ml	19.9	geral	promocao	https://efxiupkxtvhbekyorddn.supabase.co/storage/v1/object/public/campaign-images/stores/e146f1fb-6ecf-4971-9926-7f1e231f98d0/campaigns/05c537ac-63a6-4526-b72c-c238cedb251a/art-1775665579732.png	Cabelos Radiantes!	\N	\N	approved	2026-04-08 16:26:05.251417	O segredo para um cabelo saudável e bonito.	Oi, minha gente! 💖 O shampoo Clear 400ml tá com um precinho imperdível de R$19,90! Vem garantir o seu e deixar os fios tinindo! 😉✨ #CabeloSaudável #RioDoSul #FarmáciaIdeal	#ShampooClear #CuidadoCapilar #Promoção	Garantir o meu	2026-04-08 16:26:10.943+00	\N	\N	\N	\N	\N	\N	\N	\N	\N	\N	medio	\N	product	https://efxiupkxtvhbekyorddn.supabase.co/storage/v1/object/sign/campaign-images/stores/e146f1fb-6ecf-4971-9926-7f1e231f98d0/products/1775665562045_shampoo_men.jpg?token=eyJraWQiOiJzdG9yYWdlLXVybC1zaWduaW5nLWtleV9kMGRjNWU1Zi02MzNmLTRmZDMtOGFmZi0yMzVmNGQxZThjNjIiLCJhbGciOiJIUzI1NiJ9.eyJ1cmwiOiJjYW1wYWlnbi1pbWFnZXMvc3RvcmVzL2UxNDZmMWZiLTZlY2YtNDk3MS05OTI2LTdmMWUyMzFmOThkMC9wcm9kdWN0cy8xNzc1NjY1NTYyMDQ1X3NoYW1wb29fbWVuLmpwZyIsImlhdCI6MTc3NTY2NTU2MSwiZXhwIjoxNzc1NjY5MTYxfQ.13hOTZJg2PcmldLre_4bmzusjawYNBxAHWQ6pO4uz0Y	manual	\N	both	approved	none	\N	{"config": {"visual_aggression": 0.3}, "palette": {"accent": "#E93FAA", "neutral": "#64748B", "primary": "#3fe97d", "secondary": "#3FE9D2"}, "version": 2, "logo_usage": {"allow_monochrome": true}, "typography": {"body_font": "sans_clean", "headline_font": "sans_display"}, "positioning": "A entrega mais rápida da cidade!", "visual_seed": "e146f1fb-6ecf-4971-9926-7f1e231f98d0", "visual_style": "minimal", "tone_of_voice": "informative", "image_treatment": {"filter": "cool", "warmth": -0.15, "contrast": 0, "saturation": -0.1}, "brand_temperature": "cool", "background_treatment": {"style": "solid_clean", "intensity": "subtle"}}	{"id": "split", "zones": {"cta_area": {"h": 92, "w": 440, "x": 580, "y": 1070}, "text_area": {"h": 500, "w": 440, "x": 580, "y": 250}, "price_area": {"h": 105, "w": 440, "x": 580, "y": 920}, "branding_area": {"h": 100, "w": 440, "x": 580, "y": 90}, "content_image": {"h": 1350, "w": 540, "x": 0, "y": 0}}, "version": 1}	\N	{}	1	\N
9b65a38b-bfa7-40b7-b766-1024868d5724	e146f1fb-6ecf-4971-9926-7f1e231f98d0	Shampoo Clear Men 400ml	24.9	geral	promocao	https://efxiupkxtvhbekyorddn.supabase.co/storage/v1/object/public/campaign-images/stores/e146f1fb-6ecf-4971-9926-7f1e231f98d0/campaigns/9b65a38b-bfa7-40b7-b766-1024868d5724/art-1775685533855.png	Shampoo Clear Men 400ml!	\N	\N	approved	2026-04-08 21:56:55.682211	Cabelo limpo e saudável em minutos!	Aí, gurizada! O segredo pra ficar com o cabelo top chegou! 😍 Aproveita que tá só R$24,90 e garante o teu! E não esquece: shampoo e condicionador juntos são a dupla perfeita! 💪✨	#ShampooClear #CabeloSaudável #FarmáciaIdeal	Garantir o meu	2026-04-08 21:57:03.727+00	\N	\N	\N	\N	\N	\N	\N	\N	\N	\N	popular	\N	product	https://efxiupkxtvhbekyorddn.supabase.co/storage/v1/object/sign/campaign-images/stores/e146f1fb-6ecf-4971-9926-7f1e231f98d0/products/1775685413070_shampoo_men.jpg?token=eyJraWQiOiJzdG9yYWdlLXVybC1zaWduaW5nLWtleV9kMGRjNWU1Zi02MzNmLTRmZDMtOGFmZi0yMzVmNGQxZThjNjIiLCJhbGciOiJIUzI1NiJ9.eyJ1cmwiOiJjYW1wYWlnbi1pbWFnZXMvc3RvcmVzL2UxNDZmMWZiLTZlY2YtNDk3MS05OTI2LTdmMWUyMzFmOThkMC9wcm9kdWN0cy8xNzc1Njg1NDEzMDcwX3NoYW1wb29fbWVuLmpwZyIsImlhdCI6MTc3NTY4NTQxMiwiZXhwIjoxNzc1Njg5MDEyfQ.MRzbavj6dDrXldb6R0mi0_NieUjhXFIPdd4vTBDqywc	manual	\N	both	approved	none	\N	{"config": {"visual_aggression": 0.3}, "palette": {"accent": "#E93FAA", "neutral": "#64748B", "primary": "#3fe97d", "secondary": "#3FE9D2"}, "version": 2, "logo_usage": {"allow_monochrome": true}, "typography": {"body_font": "sans_clean", "headline_font": "sans_display"}, "positioning": "A entrega mais rápida da cidade!", "visual_seed": "e146f1fb-6ecf-4971-9926-7f1e231f98d0", "visual_style": "minimal", "tone_of_voice": "informative", "image_treatment": {"filter": "cool", "warmth": -0.15, "contrast": 0, "saturation": -0.1}, "brand_temperature": "cool", "background_treatment": {"style": "solid_clean", "intensity": "subtle"}}	{"id": "split", "zones": {"cta_area": {"h": 92, "w": 440, "x": 580, "y": 1070}, "text_area": {"h": 500, "w": 440, "x": 580, "y": 250}, "price_area": {"h": 105, "w": 440, "x": 580, "y": 920}, "branding_area": {"h": 100, "w": 440, "x": 580, "y": 90}, "content_image": {"h": 1350, "w": 540, "x": 0, "y": 0}}, "version": 1}	\N	{}	1	\N
7daae904-c6b7-4dc4-ab06-f18c3163cfb5	e146f1fb-6ecf-4971-9926-7f1e231f98d0	Perfume Miss Dior	189.9	mulheres	novidade	https://efxiupkxtvhbekyorddn.supabase.co/storage/v1/object/public/campaign-images/stores/e146f1fb-6ecf-4971-9926-7f1e231f98d0/campaigns/7daae904-c6b7-4dc4-ab06-f18c3163cfb5/art-1775868284467.png	O Perfume da Elegância	\N	\N	approved	2026-04-11 00:44:15.648043	Desperte desejos com Miss Dior. A beleza em cada nota.	Dona de um charme único, esse perfume é a escolha perfeita pra brilhar nas festas! 🌟 Vem garantir a sua e arrasar! ✨ #JoãoBarber #PerfumeMissDior #RioDoSul	#Perfume #Beleza #Luxo	Garantir a minha	2026-04-11 00:44:20.268+00	\N	\N	\N	\N	\N	\N	\N	\N	\N	\N	premium	\N	product	https://efxiupkxtvhbekyorddn.supabase.co/storage/v1/object/sign/campaign-images/stores/e146f1fb-6ecf-4971-9926-7f1e231f98d0/products/1775868250605_brilhantelli_perfume_miss_dior_eua_parfum-5jwtbtxrb2.webp?token=eyJraWQiOiJzdG9yYWdlLXVybC1zaWduaW5nLWtleV9kMGRjNWU1Zi02MzNmLTRmZDMtOGFmZi0yMzVmNGQxZThjNjIiLCJhbGciOiJIUzI1NiJ9.eyJ1cmwiOiJjYW1wYWlnbi1pbWFnZXMvc3RvcmVzL2UxNDZmMWZiLTZlY2YtNDk3MS05OTI2LTdmMWUyMzFmOThkMC9wcm9kdWN0cy8xNzc1ODY4MjUwNjA1X2JyaWxoYW50ZWxsaV9wZXJmdW1lX21pc3NfZGlvcl9ldWFfcGFyZnVtLTVqd3RidHhyYjIud2VicCIsImlhdCI6MTc3NTg2ODI1MSwiZXhwIjoxNzc1ODcxODUxfQ.SsKeSD0laYNMtDI9jHbaVpWjVumrFTeUj6fL0L60foM	manual	\N	both	approved	none	\N	\N	\N	{"reason": "Mais foco no produto", "source": "visual_intent", "userAccepted": false, "resolverVersion": "1.1.0", "suggestedLayout": "floating", "userSelectedLayout": "solid"}	{}	1	\N
1e01a266-7d1b-4c6e-bd60-c64ae52d7ebc	e146f1fb-6ecf-4971-9926-7f1e231f98d0	Fralda Capricho baby	29.9	economico	promocao	https://efxiupkxtvhbekyorddn.supabase.co/storage/v1/object/public/campaign-images/stores/e146f1fb-6ecf-4971-9926-7f1e231f98d0/campaigns/1e01a266-7d1b-4c6e-bd60-c64ae52d7ebc/art-1775868984172.png	Fralda Capricho Baby!	\N	\N	approved	2026-04-11 00:55:31.633452	O conforto que seu pequeno merece por R$29,90.	Aí, pessoal de Rio do Sul! 🥳 A promoção das fraldinhas chegou! Não deixe seu pequeno sem o melhor. Garantir a sua e aproveita pra levar um perfuminho pra deixar o cheirinho lá em cima! 🌼✨	#FraldaCapricho #Promoção #RioDoSul	Garantir a minha	2026-04-11 00:55:36.023+00	\N	\N	\N	\N	\N	\N	\N	\N	\N	\N	popular	\N	product	https://efxiupkxtvhbekyorddn.supabase.co/storage/v1/object/sign/campaign-images/stores/e146f1fb-6ecf-4971-9926-7f1e231f98d0/products/1775868927257_k0dgban-ixfhc5xeo1.webp?token=eyJraWQiOiJzdG9yYWdlLXVybC1zaWduaW5nLWtleV9kMGRjNWU1Zi02MzNmLTRmZDMtOGFmZi0yMzVmNGQxZThjNjIiLCJhbGciOiJIUzI1NiJ9.eyJ1cmwiOiJjYW1wYWlnbi1pbWFnZXMvc3RvcmVzL2UxNDZmMWZiLTZlY2YtNDk3MS05OTI2LTdmMWUyMzFmOThkMC9wcm9kdWN0cy8xNzc1ODY4OTI3MjU3X2swZGdiYW4taXhmaGM1eGVvMS53ZWJwIiwiaWF0IjoxNzc1ODY4OTI3LCJleHAiOjE3NzU4NzI1Mjd9.Wg8Ll3a0NhBoAo9Xb6kNEfh6LVJBIHQBKBLy7CB-Akw	manual	\N	both	approved	none	\N	\N	\N	{"reason": "Mais foco no produto", "source": "visual_intent", "userAccepted": false, "resolverVersion": "1.1.0", "suggestedLayout": "floating", "userSelectedLayout": "split"}	{}	1	\N
a4aab78e-0d1f-4d72-87a6-251f2c0b872c	283410f0-39a0-44ea-b9d1-2a3a8ddcb3d3	Energético Baly Tadala 473ml	8.99	jovens_festa	novidade	stores/283410f0-39a0-44ea-b9d1-2a3a8ddcb3d3/campaigns/a4aab78e-0d1f-4d72-87a6-251f2c0b872c/art-1776283220627.png	Festa com Baly Tadala!		\N	approved	2026-04-15 19:55:15.128966	O energético que agita sua comemoração!	E aí, galera! 🎉 Chegou o Baly Tadala pra deixar sua festa ainda mais animada! Garanta o seu e não esquece de pegar uns copos e gelo! 🍹 #Anápolis #Festa #BalyTadala	#Energético #Festa #AdegaMestreDasGeladas	Garantir o meu	2026-04-15 20:00:21.27+00	\N	\N	\N	\N	\N	\N	\N	\N	\N	\N	medio	\N	product	https://efxiupkxtvhbekyorddn.supabase.co/storage/v1/object/sign/campaign-images/stores/283410f0-39a0-44ea-b9d1-2a3a8ddcb3d3/products/1776282912239_baly_tadala.webp?token=eyJraWQiOiJzdG9yYWdlLXVybC1zaWduaW5nLWtleV9kMGRjNWU1Zi02MzNmLTRmZDMtOGFmZi0yMzVmNGQxZThjNjIiLCJhbGciOiJIUzI1NiJ9.eyJ1cmwiOiJjYW1wYWlnbi1pbWFnZXMvc3RvcmVzLzI4MzQxMGYwLTM5YTAtNDRlYS1iOWQxLTJhM2E4ZGRjYjNkMy9wcm9kdWN0cy8xNzc2MjgyOTEyMjM5X2JhbHlfdGFkYWxhLndlYnAiLCJpYXQiOjE3NzYyODMyMTcsImV4cCI6MTc3NjI4NjgxN30.Lf_XcPzst0G_NjmESUBEcflodiWTv8Z_f8UA0IAtw6o	manual	\N	both	approved	none	\N	\N	\N	\N	{}	1	\N
33396b5f-cfca-435d-901c-ebc2cc0c198a	283410f0-39a0-44ea-b9d1-2a3a8ddcb3d3	Cerveja Heineken 600ml	8.99	geral	promocao	stores/283410f0-39a0-44ea-b9d1-2a3a8ddcb3d3/campaigns/33396b5f-cfca-435d-901c-ebc2cc0c198a/art-1776130329648.png	Heineken a R$8,99!		\N	approved	2026-04-14 01:21:29.326808	Deixe sua festa ainda mais gelada!	E aí, Anápolis! 🍻 Sua festa merece a melhor cerveja! Garanta a sua Heineken e faça o brinde perfeito! 🥳 Chama no Whats! 📲	#Heineken #AdegaMestreDasGeladas #CervejaGelada	Garantir a minha	2026-04-14 01:32:10.259+00			\N	\N	\N	\N				\N	popular	\N	product	https://efxiupkxtvhbekyorddn.supabase.co/storage/v1/object/sign/campaign-images/stores/283410f0-39a0-44ea-b9d1-2a3a8ddcb3d3/products/1776129685169_heinecken_600.jpg?token=eyJraWQiOiJzdG9yYWdlLXVybC1zaWduaW5nLWtleV9kMGRjNWU1Zi02MzNmLTRmZDMtOGFmZi0yMzVmNGQxZThjNjIiLCJhbGciOiJIUzI1NiJ9.eyJ1cmwiOiJjYW1wYWlnbi1pbWFnZXMvc3RvcmVzLzI4MzQxMGYwLTM5YTAtNDRlYS1iOWQxLTJhM2E4ZGRjYjNkMy9wcm9kdWN0cy8xNzc2MTI5Njg1MTY5X2hlaW5lY2tlbl82MDAuanBnIiwiaWF0IjoxNzc2MTMwMzI0LCJleHAiOjE3NzYxMzM5MjR9.ualQaD_iPEqMo85aHd-piugodRUShs3VNFpO-HzwoE0	manual	\N	both	approved	none	\N	\N	\N	\N	{}	1	\N
81865323-8873-49cb-a2c9-40f603e46942	283410f0-39a0-44ea-b9d1-2a3a8ddcb3d3	Energético Baly Tadala 473ml	4.99	jovens_festa	novidade	https://efxiupkxtvhbekyorddn.supabase.co/storage/v1/object/public/campaign-images/stores/283410f0-39a0-44ea-b9d1-2a3a8ddcb3d3/campaigns/81865323-8873-49cb-a2c9-40f603e46942/art-1775847177709.png	A Festa Começa Aqui!	\N	\N	approved	2026-04-10 18:52:28.075254	Sabe aquele energético que anima a galera? É o Baly Tadala!	🎉 A festança não pode faltar! O Baly Tadala tá na área pra deixar tudo mais agitado! Passa aqui na Adega Mestre das Geladas e garante o seu! 🍹💥 #Anápolis #Energético #Festa	#BalyTadala #Energético #AdegaMestreDasGeladas	Garantir o meu	2026-04-10 18:52:34.866+00	\N	\N	\N	\N	\N	\N	\N	\N	\N	\N	jovem	\N	product	https://efxiupkxtvhbekyorddn.supabase.co/storage/v1/object/sign/campaign-images/stores/283410f0-39a0-44ea-b9d1-2a3a8ddcb3d3/products/1775847087795_baly_tadala.png?token=eyJraWQiOiJzdG9yYWdlLXVybC1zaWduaW5nLWtleV9kMGRjNWU1Zi02MzNmLTRmZDMtOGFmZi0yMzVmNGQxZThjNjIiLCJhbGciOiJIUzI1NiJ9.eyJ1cmwiOiJjYW1wYWlnbi1pbWFnZXMvc3RvcmVzLzI4MzQxMGYwLTM5YTAtNDRlYS1iOWQxLTJhM2E4ZGRjYjNkMy9wcm9kdWN0cy8xNzc1ODQ3MDg3Nzk1X2JhbHlfdGFkYWxhLnBuZyIsImlhdCI6MTc3NTg0NzA4OCwiZXhwIjoxNzc1ODUwNjg4fQ.SIyD2l69TwnuzBQa338MIT4cNEvNwsBFfB9MJeFXH3k	manual	\N	both	approved	none	\N	\N	\N	\N	{}	1	\N
d40e7fe8-41ab-4e36-8be4-b778bf368507	e146f1fb-6ecf-4971-9926-7f1e231f98d0	Fralda Pampers c/30 XXG	19.99	geral	promocao	https://efxiupkxtvhbekyorddn.supabase.co/storage/v1/object/public/campaign-images/stores/e146f1fb-6ecf-4971-9926-7f1e231f98d0/campaigns/d40e7fe8-41ab-4e36-8be4-b778bf368507/art-1775847963434.png	Fralda Pampers por R$19,99!	\N	\N	approved	2026-04-10 19:05:53.289543	A melhor fralda para seu pequeno conforto.	Aqui em Rio do Sul, a entrega é rapidinha! 🚚💨 Não fique sem a sua Pampers! E não esquece do lenço umedecido pra completar! 😉🧻	#FraldaPampers #RioDoSul #FarmaciaIdeal	Garantir a minha	2026-04-10 19:05:59.457+00	\N	\N	\N	\N	\N	\N	\N	\N	\N	\N	popular	\N	product	https://efxiupkxtvhbekyorddn.supabase.co/storage/v1/object/sign/campaign-images/stores/e146f1fb-6ecf-4971-9926-7f1e231f98d0/products/1775847914149_pampers.webp?token=eyJraWQiOiJzdG9yYWdlLXVybC1zaWduaW5nLWtleV9kMGRjNWU1Zi02MzNmLTRmZDMtOGFmZi0yMzVmNGQxZThjNjIiLCJhbGciOiJIUzI1NiJ9.eyJ1cmwiOiJjYW1wYWlnbi1pbWFnZXMvc3RvcmVzL2UxNDZmMWZiLTZlY2YtNDk3MS05OTI2LTdmMWUyMzFmOThkMC9wcm9kdWN0cy8xNzc1ODQ3OTE0MTQ5X3BhbXBlcnMud2VicCIsImlhdCI6MTc3NTg0NzkxNCwiZXhwIjoxNzc1ODUxNTE0fQ.Gp-exnjQGVni0v41WT-DVeGTEHRVKqS99uAZABjyo2U	manual	\N	both	approved	none	\N	\N	\N	\N	{}	1	\N
7c05f6ee-86ce-449b-b056-94dd56df1d3a	e146f1fb-6ecf-4971-9926-7f1e231f98d0	Manicure & Pedicure	29.9	geral	engajamento	https://efxiupkxtvhbekyorddn.supabase.co/storage/v1/object/public/campaign-images/stores/e146f1fb-6ecf-4971-9926-7f1e231f98d0/campaigns/7c05f6ee-86ce-449b-b056-94dd56df1d3a/art-1775865651594.png	Pés e Mãos de Diva!	\N	\N	approved	2026-04-11 00:00:31.618948	Transforme seu look com manicure e pedicure por R$29,90.	A beleza tá nos detalhes, né? 🖤 Vem garantir a sua manicure e pedicure aqui no João Barber e arrasar! 👌✂️ #RioDoSul	#Manicure #Pedicure #JoãoBarber	Garantir a minha	2026-04-11 00:00:36.839+00	\N	\N	\N	\N	\N	\N	\N	\N	\N	\N	medio	\N	service	https://efxiupkxtvhbekyorddn.supabase.co/storage/v1/object/sign/campaign-images/stores/e146f1fb-6ecf-4971-9926-7f1e231f98d0/products/1775865625329_manicure.jpg?token=eyJraWQiOiJzdG9yYWdlLXVybC1zaWduaW5nLWtleV9kMGRjNWU1Zi02MzNmLTRmZDMtOGFmZi0yMzVmNGQxZThjNjIiLCJhbGciOiJIUzI1NiJ9.eyJ1cmwiOiJjYW1wYWlnbi1pbWFnZXMvc3RvcmVzL2UxNDZmMWZiLTZlY2YtNDk3MS05OTI2LTdmMWUyMzFmOThkMC9wcm9kdWN0cy8xNzc1ODY1NjI1MzI5X21hbmljdXJlLmpwZyIsImlhdCI6MTc3NTg2NTYyNSwiZXhwIjoxNzc1ODY5MjI1fQ.PBRz-Lkb9uPe0f4e0zeljRohzsYTq-huehsMn6OIqC4	manual	\N	both	approved	none	\N	\N	\N	{"reason": "Imagem e texto lado a lado", "source": "visual_intent", "userAccepted": false, "resolverVersion": "1.1.0", "suggestedLayout": "split", "userSelectedLayout": "solid"}	{}	1	\N
3014d2f6-3fee-4a26-b860-658335aeed22	e146f1fb-6ecf-4971-9926-7f1e231f98d0	Sabonete João e Maria 75g	2.99	infantil	novidade	https://efxiupkxtvhbekyorddn.supabase.co/storage/v1/object/public/campaign-images/stores/e146f1fb-6ecf-4971-9926-7f1e231f98d0/campaigns/3014d2f6-3fee-4a26-b860-658335aeed22/art-1775863462707.png	Novidade para os pequenos!	\N	\N	approved	2026-04-10 23:24:06.414741	O sabonete João e Maria chegou pra alegrar!	Oi, gente! 🌟 O sabonete João e Maria tá aqui na Farmácia Ideal! Um cheirinho gostoso que vai fazer a hora do banho ser pura diversão! 🛁✨ Garantir o meu! #FarmáciaIdeal #RioDoSul #CuidadoInfantil	#SaboneteJoãoEMaria #CuidadoInfantil #FarmáciaIdeal	Garantir o meu	2026-04-10 23:24:11.838+00	\N	\N	\N	\N	\N	\N	\N	\N	\N	\N	medio	\N	product	https://efxiupkxtvhbekyorddn.supabase.co/storage/v1/object/sign/campaign-images/stores/e146f1fb-6ecf-4971-9926-7f1e231f98d0/products/1775863441955_sabonete-cimed-baby-joao-e-maria-glicerina-75g_25267.webp?token=eyJraWQiOiJzdG9yYWdlLXVybC1zaWduaW5nLWtleV9kMGRjNWU1Zi02MzNmLTRmZDMtOGFmZi0yMzVmNGQxZThjNjIiLCJhbGciOiJIUzI1NiJ9.eyJ1cmwiOiJjYW1wYWlnbi1pbWFnZXMvc3RvcmVzL2UxNDZmMWZiLTZlY2YtNDk3MS05OTI2LTdmMWUyMzFmOThkMC9wcm9kdWN0cy8xNzc1ODYzNDQxOTU1X3NhYm9uZXRlLWNpbWVkLWJhYnktam9hby1lLW1hcmlhLWdsaWNlcmluYS03NWdfMjUyNjcud2VicCIsImlhdCI6MTc3NTg2MzQ0MiwiZXhwIjoxNzc1ODY3MDQyfQ.IlBXQ-oraNySNRsA7nCZskYnUeDrNEwIjE3ax8cnKTM	manual	\N	both	approved	none	\N	\N	\N	{"reason": "Mais foco no produto", "source": "visual_intent", "userAccepted": false, "resolverVersion": "1.1.0", "suggestedLayout": "floating", "userSelectedLayout": "split"}	{}	1	\N
08e15ac7-c8be-4f10-8f34-19683cd0c046	e146f1fb-6ecf-4971-9926-7f1e231f98d0	Consulta veterinária	90	geral	sazonal	https://efxiupkxtvhbekyorddn.supabase.co/storage/v1/object/public/campaign-images/stores/e146f1fb-6ecf-4971-9926-7f1e231f98d0/campaigns/08e15ac7-c8be-4f10-8f34-19683cd0c046/art-1775866238466.png	Consulta Veterinária Premium	\N	\N	approved	2026-04-11 00:10:15.87337	Cuidar do seu peludo nunca foi tão fácil!	🐾 A Páscoa tá chegando e seu aumigo merece o melhor! Garanta a saúde do seu peludo com a nossa consulta veterinária. Aqui em João Barber, a gente cuida com carinho e excelência! 🐶✨ #CuidadoPet #ConsultaVeterinária #JoãoBarber	#Veterinário #RioDoSul #PetCare	Garantir a minha	2026-04-11 00:10:20.477+00	\N	\N	\N	\N	\N	\N	\N	\N	\N	\N	popular	\N	product	https://efxiupkxtvhbekyorddn.supabase.co/storage/v1/object/sign/campaign-images/stores/e146f1fb-6ecf-4971-9926-7f1e231f98d0/products/1775866211783_quanto-custa-consulta-veterinaria-para-animais-domesticos.jpg?token=eyJraWQiOiJzdG9yYWdlLXVybC1zaWduaW5nLWtleV9kMGRjNWU1Zi02MzNmLTRmZDMtOGFmZi0yMzVmNGQxZThjNjIiLCJhbGciOiJIUzI1NiJ9.eyJ1cmwiOiJjYW1wYWlnbi1pbWFnZXMvc3RvcmVzL2UxNDZmMWZiLTZlY2YtNDk3MS05OTI2LTdmMWUyMzFmOThkMC9wcm9kdWN0cy8xNzc1ODY2MjExNzgzX3F1YW50by1jdXN0YS1jb25zdWx0YS12ZXRlcmluYXJpYS1wYXJhLWFuaW1haXMtZG9tZXN0aWNvcy5qcGciLCJpYXQiOjE3NzU4NjYyMTIsImV4cCI6MTc3NTg2OTgxMn0.pbMsGmFIGY4P_3MxJJ1ZPvYn-KLMUdK9RUnHP9Cccwg	manual	\N	both	approved	none	\N	\N	\N	{"reason": "Mais foco no produto", "source": "visual_intent", "userAccepted": false, "resolverVersion": "1.1.0", "suggestedLayout": "floating", "userSelectedLayout": "solid"}	{}	1	\N
42cf88a8-17ab-4d49-8106-5129e089b8f3	283410f0-39a0-44ea-b9d1-2a3a8ddcb3d3	Cerveja Schin 350ml	1.99	geral	promocao	stores/283410f0-39a0-44ea-b9d1-2a3a8ddcb3d3/campaigns/42cf88a8-17ab-4d49-8106-5129e089b8f3/art-1776130211779.png	A Gelada que Você Merece!		\N	approved	2026-04-14 00:59:05.809164	Cerveja Schin 350ml por apenas R$1,99!	🔥 O segredo da sua festa tá aqui! A Schin geladinha vai fazer a alegria da galera! 🍻 Chama no Whats que eu garanto a sua! #Anápolis #Festa #Gelada	#CervejaSchin #AdegaMestreDasGeladas #Festa	Chamar no Whats	2026-04-14 01:30:12.991+00	\N	\N	\N	\N	\N	\N	\N	\N	\N	\N	popular	\N	product	https://efxiupkxtvhbekyorddn.supabase.co/storage/v1/object/sign/campaign-images/stores/283410f0-39a0-44ea-b9d1-2a3a8ddcb3d3/products/1776128341578_schin_350.webp?token=eyJraWQiOiJzdG9yYWdlLXVybC1zaWduaW5nLWtleV9kMGRjNWU1Zi02MzNmLTRmZDMtOGFmZi0yMzVmNGQxZThjNjIiLCJhbGciOiJIUzI1NiJ9.eyJ1cmwiOiJjYW1wYWlnbi1pbWFnZXMvc3RvcmVzLzI4MzQxMGYwLTM5YTAtNDRlYS1iOWQxLTJhM2E4ZGRjYjNkMy9wcm9kdWN0cy8xNzc2MTI4MzQxNTc4X3NjaGluXzM1MC53ZWJwIiwiaWF0IjoxNzc2MTMwMjA0LCJleHAiOjE3NzYxMzM4MDR9._X8mPJpRmG0HJ21RlLTFZdc2GtrARw18psGAKqjtEDw	manual	\N	both	approved	none	\N	\N	\N	\N	{}	1	\N
8118eeea-e562-4fb6-9055-aec5d89415a2	283410f0-39a0-44ea-b9d1-2a3a8ddcb3d3	Energético Baly Tadala 473ml	8.99	geral	novidade	https://efxiupkxtvhbekyorddn.supabase.co/storage/v1/object/sign/campaign-images/stores/283410f0-39a0-44ea-b9d1-2a3a8ddcb3d3/campaigns/8118eeea-e562-4fb6-9055-aec5d89415a2/art-1775863271419.png?token=eyJraWQiOiJzdG9yYWdlLXVybC1zaWduaW5nLWtleV9kMGRjNWU1Zi02MzNmLTRmZDMtOGFmZi0yMzVmNGQxZThjNjIiLCJhbGciOiJIUzI1NiJ9.eyJ1cmwiOiJjYW1wYWlnbi1pbWFnZXMvc3RvcmVzLzI4MzQxMGYwLTM5YTAtNDRlYS1iOWQxLTJhM2E4ZGRjYjNkMy9jYW1wYWlnbnMvODExOGVlZWEtZTU2Mi00ZmI2LTkwNTUtYWVjNWQ4OTQxNWEyL2FydC0xNzc1ODYzMjcxNDE5LnBuZyIsImlhdCI6MTc3NTg2MzI3MiwiZXhwIjoxNzc1ODY2ODcyfQ.o7DxBL-2IXr-g-q74Q0k5TEepXPDlrIcn3KkCux4Gec	A energia que sua festa pede!	\N	\N	approved	2026-04-10 22:35:40.124186	Baly Tadala 473ml por só R$8,99. Chegou a hora de agitar!	Bora animar a festa com o energético Baly Tadala! 🍹✨ Tem que ter! E não esquece de garantir os gelados pra acompanhar! 🥳 #AdegaMestreDasGeladas #Anápolis #Energético	#BalyTadala #Energia #Festa	Garantir o meu	2026-04-10 23:21:12.576+00	\N	\N	\N	\N	\N	\N	\N	\N	\N	\N	jovem	\N	product	https://efxiupkxtvhbekyorddn.supabase.co/storage/v1/object/sign/campaign-images/stores/283410f0-39a0-44ea-b9d1-2a3a8ddcb3d3/products/1775860536031_baly_tadala.png?token=eyJraWQiOiJzdG9yYWdlLXVybC1zaWduaW5nLWtleV9kMGRjNWU1Zi02MzNmLTRmZDMtOGFmZi0yMzVmNGQxZThjNjIiLCJhbGciOiJIUzI1NiJ9.eyJ1cmwiOiJjYW1wYWlnbi1pbWFnZXMvc3RvcmVzLzI4MzQxMGYwLTM5YTAtNDRlYS1iOWQxLTJhM2E4ZGRjYjNkMy9wcm9kdWN0cy8xNzc1ODYwNTM2MDMxX2JhbHlfdGFkYWxhLnBuZyIsImlhdCI6MTc3NTg2MzI1NSwiZXhwIjoxNzc1ODY2ODU1fQ.R3NM2LEEkvvda9IeB0VvX3Uk6Dwiv6DYLBL00hqybBg	manual	\N	both	approved	none	\N	\N	\N	\N	{}	1	\N
2465c5de-5bb0-4b65-904e-781aa2b7874b	e146f1fb-6ecf-4971-9926-7f1e231f98d0	Fralda Pampers c/30 XXG	19.99	geral	promocao	https://efxiupkxtvhbekyorddn.supabase.co/storage/v1/object/public/campaign-images/stores/e146f1fb-6ecf-4971-9926-7f1e231f98d0/campaigns/2465c5de-5bb0-4b65-904e-781aa2b7874b/art-1775863361611.png	Fralda Pampers em Promoção!	\N	\N	approved	2026-04-10 23:22:16.380301	A melhor fralda para o seu bebê por R$19,99.	Oi, pessoal! 🌟 Aproveita que a Fralda Pampers tá por R$19,99! A entrega mais rápida de Rio do Sul! 🏃‍♀️💨 E não esquece de garantir a pomada também, hein? 😉 #FarmaciaIdeal #Promoção #RioDoSul	#FraldaPampers #Promoção #FarmaciaIdeal	Garantir a minha	2026-04-10 23:22:22.095+00	\N	\N	\N	\N	\N	\N	\N	\N	\N	\N	familia	\N	product	https://efxiupkxtvhbekyorddn.supabase.co/storage/v1/object/sign/campaign-images/stores/e146f1fb-6ecf-4971-9926-7f1e231f98d0/products/1775863331736_pampers.webp?token=eyJraWQiOiJzdG9yYWdlLXVybC1zaWduaW5nLWtleV9kMGRjNWU1Zi02MzNmLTRmZDMtOGFmZi0yMzVmNGQxZThjNjIiLCJhbGciOiJIUzI1NiJ9.eyJ1cmwiOiJjYW1wYWlnbi1pbWFnZXMvc3RvcmVzL2UxNDZmMWZiLTZlY2YtNDk3MS05OTI2LTdmMWUyMzFmOThkMC9wcm9kdWN0cy8xNzc1ODYzMzMxNzM2X3BhbXBlcnMud2VicCIsImlhdCI6MTc3NTg2MzMzMiwiZXhwIjoxNzc1ODY2OTMyfQ.ohRJUjwXjQ0cMgq888QGGGZoA998KwPzMR9wShKYiBY	manual	\N	both	approved	none	\N	\N	\N	{"reason": "Mais foco no produto", "source": "visual_intent", "userAccepted": false, "resolverVersion": "1.1.0", "suggestedLayout": "floating", "userSelectedLayout": "solid"}	{}	1	\N
fdf02836-1ecc-486e-b9dd-2cf3311108d0	e146f1fb-6ecf-4971-9926-7f1e231f98d0	Corte masculino	49.9	geral	visitas	https://efxiupkxtvhbekyorddn.supabase.co/storage/v1/object/public/campaign-images/stores/e146f1fb-6ecf-4971-9926-7f1e231f98d0/campaigns/fdf02836-1ecc-486e-b9dd-2cf3311108d0/art-1775865493668.png	Corte Premium por R$49,90!	\N	\N	approved	2026-04-10 23:51:53.754097	O segredo para um look impecável está aqui.	🧔🏼‍♂️ Chegou a hora de dar aquele trato no visual, parcerada! Aqui na João Barber, o seu corte sai do jeito que você sempre quis! Vem garantir o seu! ✂️🔥	#CortePremium #JoãoBarber #RioDoSul	Reservar agora	2026-04-10 23:51:59.324+00	\N	\N	\N	\N	\N	\N	\N	\N	\N	\N	premium	\N	service	https://efxiupkxtvhbekyorddn.supabase.co/storage/v1/object/sign/campaign-images/stores/e146f1fb-6ecf-4971-9926-7f1e231f98d0/products/1775865100178_corte_masculino.webp?token=eyJraWQiOiJzdG9yYWdlLXVybC1zaWduaW5nLWtleV9kMGRjNWU1Zi02MzNmLTRmZDMtOGFmZi0yMzVmNGQxZThjNjIiLCJhbGciOiJIUzI1NiJ9.eyJ1cmwiOiJjYW1wYWlnbi1pbWFnZXMvc3RvcmVzL2UxNDZmMWZiLTZlY2YtNDk3MS05OTI2LTdmMWUyMzFmOThkMC9wcm9kdWN0cy8xNzc1ODY1MTAwMTc4X2NvcnRlX21hc2N1bGluby53ZWJwIiwiaWF0IjoxNzc1ODY1MTAwLCJleHAiOjE3NzU4Njg3MDB9.cic0hL-Jo80QtGLiqBjmLdqkCceiJicKqKbi8FKMXAk	manual	\N	both	approved	none	\N	\N	\N	{"reason": "Imagem e texto lado a lado", "source": "visual_intent", "userAccepted": true, "resolverVersion": "1.1.0", "suggestedLayout": "split", "userSelectedLayout": "split"}	{}	1	\N
699acd80-6e8f-40b4-9d8a-87164edb5672	e146f1fb-6ecf-4971-9926-7f1e231f98d0	Consulta veterinária	98	geral	visitas	https://efxiupkxtvhbekyorddn.supabase.co/storage/v1/object/public/campaign-images/stores/e146f1fb-6ecf-4971-9926-7f1e231f98d0/campaigns/699acd80-6e8f-40b4-9d8a-87164edb5672/art-1775866345822.png	Cuide do seu aumigo!	\N	\N	approved	2026-04-11 00:12:04.671436	Consulta veterinária por apenas R$98.	🐾 Olha só, pessoal! Semana Santa tá chegando e seu peludo merece o melhor! Agende uma consulta veterinária e garanta a saúde do seu aumigo! 🌟 Chama no Whats e vamos cuidar dele com todo carinho! 💙	#ConsultaVeterinária #AumigosSaudáveis #JoãoBarber	Chamar no Whats	2026-04-11 00:12:09.253+00	\N	\N	\N	\N	\N	\N	\N	\N	\N	\N	medio	\N	product	https://efxiupkxtvhbekyorddn.supabase.co/storage/v1/object/sign/campaign-images/stores/e146f1fb-6ecf-4971-9926-7f1e231f98d0/products/1775866320109_medico-veterinario-em-sp-oncologia.jpg?token=eyJraWQiOiJzdG9yYWdlLXVybC1zaWduaW5nLWtleV9kMGRjNWU1Zi02MzNmLTRmZDMtOGFmZi0yMzVmNGQxZThjNjIiLCJhbGciOiJIUzI1NiJ9.eyJ1cmwiOiJjYW1wYWlnbi1pbWFnZXMvc3RvcmVzL2UxNDZmMWZiLTZlY2YtNDk3MS05OTI2LTdmMWUyMzFmOThkMC9wcm9kdWN0cy8xNzc1ODY2MzIwMTA5X21lZGljby12ZXRlcmluYXJpby1lbS1zcC1vbmNvbG9naWEuanBnIiwiaWF0IjoxNzc1ODY2MzIwLCJleHAiOjE3NzU4Njk5MjB9.tvObIikM4fGixdmkvqeVKoPi1xPi_2vm3AxKhIo9ats	manual	\N	both	approved	none	\N	\N	\N	{"reason": "Mais foco no produto", "source": "visual_intent", "userAccepted": false, "resolverVersion": "1.1.0", "suggestedLayout": "floating", "userSelectedLayout": "split"}	{}	1	\N
03d70979-436d-4083-8612-3a66e7565dd8	283410f0-39a0-44ea-b9d1-2a3a8ddcb3d3	Chocoleite 200ml	1.49	infantil	promocao	stores/283410f0-39a0-44ea-b9d1-2a3a8ddcb3d3/campaigns/03d70979-436d-4083-8612-3a66e7565dd8/art-1776283777180.png	Chocoleite Delícia! 🥛	\N	\N	approved	2026-04-15 20:09:25.284929	A festa que você sonhou começa aqui!	Olha só, Anápolis! O Chocoleite tá demais! 🥳 Seu evento merece essa delícia. Vem garantir o seu! 🎉 #FestaMelhor #Chocoleite #AdegaMestre	#Chocoleite #Festa #AdegaMestre	Garantir o meu	2026-04-15 20:09:29.611+00	\N	\N	\N	\N	\N	\N	\N	\N	\N	\N	popular	\N	product	stores/283410f0-39a0-44ea-b9d1-2a3a8ddcb3d3/products/1776283761788_chocoleite.webp	manual	\N	both	approved	none	\N	\N	\N	\N	{}	1	\N
5ad70ff1-7194-4dd2-979b-8c314b57d17e	e146f1fb-6ecf-4971-9926-7f1e231f98d0	Instalação de película automotiva	299.9	geral	novidade	https://efxiupkxtvhbekyorddn.supabase.co/storage/v1/object/public/campaign-images/stores/e146f1fb-6ecf-4971-9926-7f1e231f98d0/campaigns/5ad70ff1-7194-4dd2-979b-8c314b57d17e/art-1775865943090.png	Estilo na sua direção!	\N	\N	approved	2026-04-11 00:03:52.730175	Transforme seu carro com nossa película automotiva.	🚗✨ Seu carro merece um upgrade, né? Venha pra João Barber e garanta a instalação da película automotiva por apenas R$ 299,90! Deixa o visual do seu carro impecável. Chama no Whats e já garante o seu! #JoãoBarber #Estilo #RioDoSul	#peliculaautomotiva #carroestiloso #JoãoBarber	Garantir o meu	2026-04-11 00:03:58.664+00	\N	\N	\N	\N	\N	\N	\N	\N	\N	\N	medio	\N	product	https://efxiupkxtvhbekyorddn.supabase.co/storage/v1/object/sign/campaign-images/stores/e146f1fb-6ecf-4971-9926-7f1e231f98d0/products/1775865828199_instalacao-de-insulfilm-para-vidro-de-carro.jpg?token=eyJraWQiOiJzdG9yYWdlLXVybC1zaWduaW5nLWtleV9kMGRjNWU1Zi02MzNmLTRmZDMtOGFmZi0yMzVmNGQxZThjNjIiLCJhbGciOiJIUzI1NiJ9.eyJ1cmwiOiJjYW1wYWlnbi1pbWFnZXMvc3RvcmVzL2UxNDZmMWZiLTZlY2YtNDk3MS05OTI2LTdmMWUyMzFmOThkMC9wcm9kdWN0cy8xNzc1ODY1ODI4MTk5X2luc3RhbGFjYW8tZGUtaW5zdWxmaWxtLXBhcmEtdmlkcm8tZGUtY2Fycm8uanBnIiwiaWF0IjoxNzc1ODY1ODI5LCJleHAiOjE3NzU4Njk0Mjl9.YLWwqua0cN_sgK3Oft3IwTGUGo1vdyoVQriCSgx2_lw	manual	\N	both	approved	none	\N	\N	\N	{"reason": "Mais foco no produto", "source": "visual_intent", "userAccepted": true, "resolverVersion": "1.1.0", "suggestedLayout": "floating", "userSelectedLayout": "floating"}	{}	1	\N
a0890c59-2d0d-4249-b6cc-4c9fc610ae20	e146f1fb-6ecf-4971-9926-7f1e231f98d0	Instalação de película automotiva	150	geral	novidade	https://efxiupkxtvhbekyorddn.supabase.co/storage/v1/object/public/campaign-images/stores/e146f1fb-6ecf-4971-9926-7f1e231f98d0/campaigns/a0890c59-2d0d-4249-b6cc-4c9fc610ae20/art-1775866604925.png	Película Automotiva Premium!	\N	\N	approved	2026-04-11 00:16:23.865472	Transforme seu carro por apenas R$150!	🚗✨ Aqui na João Barber, seu carro merece brilhar! Venha garantir a instalação da película automotiva e saia com estilo! #VemProJoão #EstiloPremium #RioDoSul	#JoãoBarber #PelículaAutomotiva #CarroEstiloso	Garantir o meu	2026-04-11 00:16:28.641+00	\N	\N	\N	\N	\N	\N	\N	\N	\N	\N	premium	\N	service	https://efxiupkxtvhbekyorddn.supabase.co/storage/v1/object/sign/campaign-images/stores/e146f1fb-6ecf-4971-9926-7f1e231f98d0/products/1775866578608_10-fe6f19562b.png?token=eyJraWQiOiJzdG9yYWdlLXVybC1zaWduaW5nLWtleV9kMGRjNWU1Zi02MzNmLTRmZDMtOGFmZi0yMzVmNGQxZThjNjIiLCJhbGciOiJIUzI1NiJ9.eyJ1cmwiOiJjYW1wYWlnbi1pbWFnZXMvc3RvcmVzL2UxNDZmMWZiLTZlY2YtNDk3MS05OTI2LTdmMWUyMzFmOThkMC9wcm9kdWN0cy8xNzc1ODY2NTc4NjA4XzEwLWZlNmYxOTU2MmIucG5nIiwiaWF0IjoxNzc1ODY2NTc5LCJleHAiOjE3NzU4NzAxNzl9.DANNd67xFdIMVnSRlD2TjvhYkp_5Uhmki-dE6Ru_ASQ	manual	\N	both	approved	none	\N	\N	\N	{"reason": "Imagem e texto lado a lado", "source": "visual_intent", "userAccepted": false, "resolverVersion": "1.1.0", "suggestedLayout": "split", "userSelectedLayout": "floating"}	{}	1	\N
2bde04d7-655b-4ba3-9df5-a667a49ef4b9	e146f1fb-6ecf-4971-9926-7f1e231f98d0	Lavação automotiva	149.9	geral	engajamento	https://efxiupkxtvhbekyorddn.supabase.co/storage/v1/object/public/campaign-images/stores/e146f1fb-6ecf-4971-9926-7f1e231f98d0/campaigns/2bde04d7-655b-4ba3-9df5-a667a49ef4b9/art-1775866059106.png	Deixe seu carro brilhando!	\N	\N	approved	2026-04-11 00:07:09.755049	Lavação automotiva premium por R$149,90.	Seu carro merece um trato especial, né? 🚗✨ Vem garantir o seu brilho com a gente aqui na João Barber! E já aproveita pra fazer um corte top e sair bonito de verdade! 💇‍♂️ #CorteEBrilho #JoãoBarber #RioDoSul	#lavação #automotiva #premium	Garantir o meu	2026-04-11 00:07:17.447+00	\N	\N	\N	\N	\N	\N	\N	\N	\N	\N	popular	\N	product	https://efxiupkxtvhbekyorddn.supabase.co/storage/v1/object/sign/campaign-images/stores/e146f1fb-6ecf-4971-9926-7f1e231f98d0/products/1775866024782_Marketing-para-estetica-automotiva-lavagens-automotivas-lava-rapidos-lavacao-automotica-lavacao-de-carros.webp?token=eyJraWQiOiJzdG9yYWdlLXVybC1zaWduaW5nLWtleV9kMGRjNWU1Zi02MzNmLTRmZDMtOGFmZi0yMzVmNGQxZThjNjIiLCJhbGciOiJIUzI1NiJ9.eyJ1cmwiOiJjYW1wYWlnbi1pbWFnZXMvc3RvcmVzL2UxNDZmMWZiLTZlY2YtNDk3MS05OTI2LTdmMWUyMzFmOThkMC9wcm9kdWN0cy8xNzc1ODY2MDI0NzgyX01hcmtldGluZy1wYXJhLWVzdGV0aWNhLWF1dG9tb3RpdmEtbGF2YWdlbnMtYXV0b21vdGl2YXMtbGF2YS1yYXBpZG9zLWxhdmFjYW8tYXV0b21vdGljYS1sYXZhY2FvLWRlLWNhcnJvcy53ZWJwIiwiaWF0IjoxNzc1ODY2MDI1LCJleHAiOjE3NzU4Njk2MjV9.OaXgN1QWZMVujx2GFOdTvXEHRXVd6RKdupDq2hKXXso	manual	\N	both	approved	none	\N	\N	\N	{"reason": "Mais foco no produto", "source": "visual_intent", "userAccepted": true, "resolverVersion": "1.1.0", "suggestedLayout": "floating", "userSelectedLayout": "floating"}	{}	1	\N
dd23db95-d0a7-4124-a8db-7f82fbb555c8	e146f1fb-6ecf-4971-9926-7f1e231f98d0	Manicure masculina	65	homens	novidade	https://efxiupkxtvhbekyorddn.supabase.co/storage/v1/object/public/campaign-images/stores/e146f1fb-6ecf-4971-9926-7f1e231f98d0/campaigns/dd23db95-d0a7-4124-a8db-7f82fbb555c8/art-1775866783521.png	Estilo em Suas Mãos!	\N	\N	approved	2026-04-11 00:18:47.462717	Transforme seu visual com a manicure masculina.	Homem que se cuida, se destaca! ✂️💅 Vem garantir o seu momento premium na João Barber. #Estilo #ManicureMasculina #RioDoSul	#JoãoBarber #BelezaMasculina #Manicure	Garantir o meu	2026-04-11 00:18:52.535+00	\N	\N	\N	\N	\N	\N	\N	\N	\N	\N	medio	\N	product	https://efxiupkxtvhbekyorddn.supabase.co/storage/v1/object/sign/campaign-images/stores/e146f1fb-6ecf-4971-9926-7f1e231f98d0/products/1775866723900_tratamento-de-m_os-para-o-homem-83582822.webp?token=eyJraWQiOiJzdG9yYWdlLXVybC1zaWduaW5nLWtleV9kMGRjNWU1Zi02MzNmLTRmZDMtOGFmZi0yMzVmNGQxZThjNjIiLCJhbGciOiJIUzI1NiJ9.eyJ1cmwiOiJjYW1wYWlnbi1pbWFnZXMvc3RvcmVzL2UxNDZmMWZiLTZlY2YtNDk3MS05OTI2LTdmMWUyMzFmOThkMC9wcm9kdWN0cy8xNzc1ODY2NzIzOTAwX3RyYXRhbWVudG8tZGUtbV9vcy1wYXJhLW8taG9tZW0tODM1ODI4MjIud2VicCIsImlhdCI6MTc3NTg2NjcyNCwiZXhwIjoxNzc1ODcwMzI0fQ.DFY4gU19V3LBzOP8jAFxIXJsQTreuwmo8QNR2Ut6mOc	manual	\N	both	approved	none	\N	\N	\N	{"reason": "Mais foco no produto", "source": "visual_intent", "userAccepted": false, "resolverVersion": "1.1.0", "suggestedLayout": "floating", "userSelectedLayout": "solid"}	{}	1	\N
4acff0b9-8b04-414b-b900-54707573bb96	e146f1fb-6ecf-4971-9926-7f1e231f98d0	Perfume Cumaru	89.9	mulheres	reposicao	https://efxiupkxtvhbekyorddn.supabase.co/storage/v1/object/public/campaign-images/stores/e146f1fb-6ecf-4971-9926-7f1e231f98d0/campaigns/4acff0b9-8b04-414b-b900-54707573bb96/art-1775868520201.png	O Perfume do Momento!	\N	\N	approved	2026-04-11 00:48:02.722031	Sinta o frescor do Cumaru na sua pele.	💫 Miga, com o perfume Cumaru, você vai arrasar! O cheiro perfeito pra qualquer ocasião. 👗✨ Não perca essa! #JoãoBarber #PerfumeCumaru #RioDoSul	#PerfumeFeminino #Estilo #JoãoBarber	Garantir o meu	2026-04-11 00:48:07.47+00	\N	\N	\N	\N	\N	\N	\N	\N	\N	\N	medio	\N	product	https://efxiupkxtvhbekyorddn.supabase.co/storage/v1/object/sign/campaign-images/stores/e146f1fb-6ecf-4971-9926-7f1e231f98d0/products/1775868478868_BROBVS100719.webp?token=eyJraWQiOiJzdG9yYWdlLXVybC1zaWduaW5nLWtleV9kMGRjNWU1Zi02MzNmLTRmZDMtOGFmZi0yMzVmNGQxZThjNjIiLCJhbGciOiJIUzI1NiJ9.eyJ1cmwiOiJjYW1wYWlnbi1pbWFnZXMvc3RvcmVzL2UxNDZmMWZiLTZlY2YtNDk3MS05OTI2LTdmMWUyMzFmOThkMC9wcm9kdWN0cy8xNzc1ODY4NDc4ODY4X0JST0JWUzEwMDcxOS53ZWJwIiwiaWF0IjoxNzc1ODY4NDc5LCJleHAiOjE3NzU4NzIwNzl9.Yu1K3JzkRoFGE0a1rNBgr_BC4Q8Dr8awu1016X153O0	manual	\N	both	approved	none	\N	\N	\N	{"reason": "Mais foco no produto", "source": "visual_intent", "userAccepted": false, "resolverVersion": "1.1.0", "suggestedLayout": "floating", "userSelectedLayout": "split"}	{}	1	\N
defbbd69-77e2-432c-ad3e-5408ca136f76	e146f1fb-6ecf-4971-9926-7f1e231f98d0	Manicure masculina	65	geral	visitas	https://efxiupkxtvhbekyorddn.supabase.co/storage/v1/object/public/campaign-images/stores/e146f1fb-6ecf-4971-9926-7f1e231f98d0/campaigns/defbbd69-77e2-432c-ad3e-5408ca136f76/art-1775866847787.png	Aperfeiçoe seu Estilo!	\N	\N	approved	2026-04-11 00:20:28.949855	Manicure masculina por R$65. Fique impecável!	A sua aparência é tudo, né? 😎✂️ Venha garantir seu toque de classe aqui na João Barber! Não esquece de completar o look com um corte premium! 💈✨	#barbearia #manicuremasculina #estilo	Garantir o meu	2026-04-11 00:20:33.391+00	\N	\N	\N	\N	\N	\N	\N	\N	\N	\N	premium	\N	service	https://efxiupkxtvhbekyorddn.supabase.co/storage/v1/object/sign/campaign-images/stores/e146f1fb-6ecf-4971-9926-7f1e231f98d0/products/1775866821777_tratamento-de-m_os-para-o-homem-83582822.webp?token=eyJraWQiOiJzdG9yYWdlLXVybC1zaWduaW5nLWtleV9kMGRjNWU1Zi02MzNmLTRmZDMtOGFmZi0yMzVmNGQxZThjNjIiLCJhbGciOiJIUzI1NiJ9.eyJ1cmwiOiJjYW1wYWlnbi1pbWFnZXMvc3RvcmVzL2UxNDZmMWZiLTZlY2YtNDk3MS05OTI2LTdmMWUyMzFmOThkMC9wcm9kdWN0cy8xNzc1ODY2ODIxNzc3X3RyYXRhbWVudG8tZGUtbV9vcy1wYXJhLW8taG9tZW0tODM1ODI4MjIud2VicCIsImlhdCI6MTc3NTg2NjgyMSwiZXhwIjoxNzc1ODcwNDIxfQ.P588HTgaRY5opida_7eFoGrS8aybGyACRoDoNCYu-lM	manual	\N	both	approved	none	\N	\N	\N	{"reason": "Imagem e texto lado a lado", "source": "visual_intent", "userAccepted": false, "resolverVersion": "1.1.0", "suggestedLayout": "split", "userSelectedLayout": "solid"}	{}	1	\N
4b8c82b1-8d6e-42e6-8802-76db18b50558	e146f1fb-6ecf-4971-9926-7f1e231f98d0	Corte masculino	49.9	homens	novidade	https://efxiupkxtvhbekyorddn.supabase.co/storage/v1/object/public/campaign-images/stores/e146f1fb-6ecf-4971-9926-7f1e231f98d0/campaigns/4b8c82b1-8d6e-42e6-8802-76db18b50558/art-1775866973504.png	O Corte Que Você Merece!	\N	\N	approved	2026-04-11 00:22:20.352369	Transforme seu visual com estilo premium.	Rapaziada de Rio do Sul, tá esperando o quê? Vem garantir um corte que vai te deixar top! ✂️😎 #JoãoBarber #CorteMasculino #EstiloPremium	#CorteMasculino #Barbearia #RioDoSul	Garantir o meu	2026-04-11 00:22:24.872+00	\N	\N	\N	\N	\N	\N	\N	\N	\N	\N	premium	\N	product	https://efxiupkxtvhbekyorddn.supabase.co/storage/v1/object/sign/campaign-images/stores/e146f1fb-6ecf-4971-9926-7f1e231f98d0/products/1775866926134_cortes-masculinos.jpg?token=eyJraWQiOiJzdG9yYWdlLXVybC1zaWduaW5nLWtleV9kMGRjNWU1Zi02MzNmLTRmZDMtOGFmZi0yMzVmNGQxZThjNjIiLCJhbGciOiJIUzI1NiJ9.eyJ1cmwiOiJjYW1wYWlnbi1pbWFnZXMvc3RvcmVzL2UxNDZmMWZiLTZlY2YtNDk3MS05OTI2LTdmMWUyMzFmOThkMC9wcm9kdWN0cy8xNzc1ODY2OTI2MTM0X2NvcnRlcy1tYXNjdWxpbm9zLmpwZyIsImlhdCI6MTc3NTg2NjkyNiwiZXhwIjoxNzc1ODcwNTI2fQ.u5u7Rm0jI8NicnHz4nZVClt5WLJYgCPhvdI3ye6GMeA	manual	\N	both	approved	none	\N	\N	\N	{"reason": "Mais foco no produto", "source": "visual_intent", "userAccepted": false, "resolverVersion": "1.1.0", "suggestedLayout": "floating", "userSelectedLayout": "solid"}	{}	1	\N
c73649d2-f41b-4f89-89d5-803cf75d5578	e146f1fb-6ecf-4971-9926-7f1e231f98d0	Chá Leão Relaxa 16g	19.9	economico	novidade	https://efxiupkxtvhbekyorddn.supabase.co/storage/v1/object/public/campaign-images/stores/e146f1fb-6ecf-4971-9926-7f1e231f98d0/campaigns/c73649d2-f41b-4f89-89d5-803cf75d5578/art-1775868612426.png	Relaxe com Estilo!	\N	\N	approved	2026-04-11 00:49:54.633812	O chá que transforma seu momento em puro prazer.	O frio tá chegando, e um momento de relaxo é tudo que a gente precisa! ☕️✨ Garanta o seu Chá Leão Relaxa e sinta a diferença! Não esquece de passar aqui e garantir aquele corte top! 💇‍♂️✂️ #JoãoBarber #Relaxamento #CháLeão	#CháLeão #Relaxar #Barbearia	Garantir o meu	2026-04-11 00:49:59.212+00	\N	\N	\N	\N	\N	\N	\N	\N	\N	\N	familia	\N	product	https://efxiupkxtvhbekyorddn.supabase.co/storage/v1/object/sign/campaign-images/stores/e146f1fb-6ecf-4971-9926-7f1e231f98d0/products/1775868590357_relaxa_23-4x5twnjpjz.webp?token=eyJraWQiOiJzdG9yYWdlLXVybC1zaWduaW5nLWtleV9kMGRjNWU1Zi02MzNmLTRmZDMtOGFmZi0yMzVmNGQxZThjNjIiLCJhbGciOiJIUzI1NiJ9.eyJ1cmwiOiJjYW1wYWlnbi1pbWFnZXMvc3RvcmVzL2UxNDZmMWZiLTZlY2YtNDk3MS05OTI2LTdmMWUyMzFmOThkMC9wcm9kdWN0cy8xNzc1ODY4NTkwMzU3X3JlbGF4YV8yMy00eDV0d25qcGp6LndlYnAiLCJpYXQiOjE3NzU4Njg1OTEsImV4cCI6MTc3NTg3MjE5MX0.i2lWzZslLej84dpBbb6QH3OTAP9Br9AIa6qUqubE4w4	manual	\N	both	approved	none	\N	\N	\N	{"reason": "Mais foco no produto", "source": "visual_intent", "userAccepted": true, "resolverVersion": "1.1.0", "suggestedLayout": "floating", "userSelectedLayout": "floating"}	{}	1	\N
776b37ff-51b1-42b1-8347-aeb571f14213	e146f1fb-6ecf-4971-9926-7f1e231f98d0	Lavação estética automotiva	250	premium_exigente	novidade	https://efxiupkxtvhbekyorddn.supabase.co/storage/v1/object/public/campaign-images/stores/e146f1fb-6ecf-4971-9926-7f1e231f98d0/campaigns/776b37ff-51b1-42b1-8347-aeb571f14213/art-1775867166508.png	Seu carro merece brilhar!	\N	\N	approved	2026-04-11 00:25:30.670751	Transforme a estética do seu carro com nossa lavação premium.	🚗💦 Aqui na João Barber, seu carro sai com aquele brilho que destaca! A estética automotiva que ele merece! Chama no Whats e garante a sua! ✨ #RioDoSul #EsteticaAutomotiva #JoaoBarber	#LavaçãoEstética #CarroBrilhando #Premium	Chamar no Whats	2026-04-11 00:25:35.712+00	\N	\N	\N	\N	\N	\N	\N	\N	\N	\N	premium	\N	service	https://efxiupkxtvhbekyorddn.supabase.co/storage/v1/object/sign/campaign-images/stores/e146f1fb-6ecf-4971-9926-7f1e231f98d0/products/1775867118869_2021-07-08-higienizacao-automotiva-802x506.webp?token=eyJraWQiOiJzdG9yYWdlLXVybC1zaWduaW5nLWtleV9kMGRjNWU1Zi02MzNmLTRmZDMtOGFmZi0yMzVmNGQxZThjNjIiLCJhbGciOiJIUzI1NiJ9.eyJ1cmwiOiJjYW1wYWlnbi1pbWFnZXMvc3RvcmVzL2UxNDZmMWZiLTZlY2YtNDk3MS05OTI2LTdmMWUyMzFmOThkMC9wcm9kdWN0cy8xNzc1ODY3MTE4ODY5XzIwMjEtMDctMDgtaGlnaWVuaXphY2FvLWF1dG9tb3RpdmEtODAyeDUwNi53ZWJwIiwiaWF0IjoxNzc1ODY3MTE5LCJleHAiOjE3NzU4NzA3MTl9.dk3TW2OY3Dpi-BLNJKlp0czdFFdWHT4swjBALVcRRTU	manual	\N	both	approved	none	\N	\N	\N	{"reason": "Imagem e texto lado a lado", "source": "visual_intent", "userAccepted": true, "resolverVersion": "1.1.0", "suggestedLayout": "split", "userSelectedLayout": "split"}	{}	1	\N
444f00d0-c08f-42a4-8c50-0f5a92c141a9	e146f1fb-6ecf-4971-9926-7f1e231f98d0	Coca cola 600ml	4.49	jovens_festa	promocao	https://efxiupkxtvhbekyorddn.supabase.co/storage/v1/object/public/campaign-images/stores/e146f1fb-6ecf-4971-9926-7f1e231f98d0/campaigns/444f00d0-c08f-42a4-8c50-0f5a92c141a9/art-1775867268398.png	Sua festa pede mais!	\N	\N	approved	2026-04-11 00:27:23.253344	Coca-Cola 600ml por apenas R$4,49. Refresque-se!	👉 Vem pra João Barber garantir a sua Coca-Cola! 🥤 A festa vai ser um sucesso! E não esquece, um corte premium pra arrasar! ✂️💈 #RioDoSul #CocaCola #Festa	#JoaoBarber #Barbearia #CocaCola	Garantir a minha	2026-04-11 00:27:28.184+00	\N	\N	\N	\N	\N	\N	\N	\N	\N	\N	familia	\N	product	https://efxiupkxtvhbekyorddn.supabase.co/storage/v1/object/sign/campaign-images/stores/e146f1fb-6ecf-4971-9926-7f1e231f98d0/products/1775867238755_7894900011609.webp?token=eyJraWQiOiJzdG9yYWdlLXVybC1zaWduaW5nLWtleV9kMGRjNWU1Zi02MzNmLTRmZDMtOGFmZi0yMzVmNGQxZThjNjIiLCJhbGciOiJIUzI1NiJ9.eyJ1cmwiOiJjYW1wYWlnbi1pbWFnZXMvc3RvcmVzL2UxNDZmMWZiLTZlY2YtNDk3MS05OTI2LTdmMWUyMzFmOThkMC9wcm9kdWN0cy8xNzc1ODY3MjM4NzU1Xzc4OTQ5MDAwMTE2MDkud2VicCIsImlhdCI6MTc3NTg2NzIzOSwiZXhwIjoxNzc1ODcwODM5fQ.CbtkIaCmafQ1egosVUZKo8xlj2gssjmUSgPCLemMJww	manual	\N	both	approved	none	\N	\N	\N	{"reason": "Mais foco no produto", "source": "visual_intent", "userAccepted": false, "resolverVersion": "1.1.0", "suggestedLayout": "floating", "userSelectedLayout": "split"}	{}	1	\N
dc165f54-da77-408d-8e07-991f60ac69ec	e146f1fb-6ecf-4971-9926-7f1e231f98d0	Coca cola 600ml	4.99	geral	novidade	https://efxiupkxtvhbekyorddn.supabase.co/storage/v1/object/public/campaign-images/stores/e146f1fb-6ecf-4971-9926-7f1e231f98d0/campaigns/dc165f54-da77-408d-8e07-991f60ac69ec/art-1775867433231.png	Refresque seu Estilo!	\N	\N	approved	2026-04-11 00:29:56.269109	A Coca Cola 600ml é a sua nova parceira!	Bão demais, hein? Refresca e combina com seu look! 🍹🔥 Garanta a sua aqui na João Barber e saia sempre bonito! #CocaCola #JoãoBarber #EstiloPremium	#CocaCola #JoãoBarber #EstiloPremium	Garantir a minha	2026-04-11 00:30:00.857+00	\N	\N	\N	\N	\N	\N	\N	\N	\N	\N	popular	\N	product	https://efxiupkxtvhbekyorddn.supabase.co/storage/v1/object/sign/campaign-images/stores/e146f1fb-6ecf-4971-9926-7f1e231f98d0/products/1775867391548_179133-800-auto.webp?token=eyJraWQiOiJzdG9yYWdlLXVybC1zaWduaW5nLWtleV9kMGRjNWU1Zi02MzNmLTRmZDMtOGFmZi0yMzVmNGQxZThjNjIiLCJhbGciOiJIUzI1NiJ9.eyJ1cmwiOiJjYW1wYWlnbi1pbWFnZXMvc3RvcmVzL2UxNDZmMWZiLTZlY2YtNDk3MS05OTI2LTdmMWUyMzFmOThkMC9wcm9kdWN0cy8xNzc1ODY3MzkxNTQ4XzE3OTEzMy04MDAtYXV0by53ZWJwIiwiaWF0IjoxNzc1ODY3MzkxLCJleHAiOjE3NzU4NzA5OTF9.fT54Yajo8L2ODVNE_f1gcHfGfHIcO48GIYVsthkpi7I	manual	\N	both	approved	none	\N	\N	\N	{"reason": "Mais foco no produto", "source": "visual_intent", "userAccepted": false, "resolverVersion": "1.1.0", "suggestedLayout": "floating", "userSelectedLayout": "split"}	{}	1	\N
5318e1c2-40df-416b-9aa6-4cbebaea7e40	e146f1fb-6ecf-4971-9926-7f1e231f98d0	Sabonete Granado 90g	2.49	familia	novidade	https://efxiupkxtvhbekyorddn.supabase.co/storage/v1/object/public/campaign-images/stores/e146f1fb-6ecf-4971-9926-7f1e231f98d0/campaigns/5318e1c2-40df-416b-9aa6-4cbebaea7e40/art-1775868719964.png	Novidade para o banho!	\N	\N	approved	2026-04-11 00:51:42.387716	O sabonete Granado 90g chegou para deixar seu banho ainda mais especial!	Aqui em Rio do Sul, o cuidado é premium! 🧼✨ Não deixe de experimentar a suavidade do sabonete Granado. Combina perfeitamente com nossos produtos de barbearia! 💈😉	#JoãoBarber #SaboneteGranado #CuidadoPremium	Garantir o meu	2026-04-11 00:51:48.655+00	\N	\N	\N	\N	\N	\N	\N	\N	\N	\N	medio	\N	product	https://efxiupkxtvhbekyorddn.supabase.co/storage/v1/object/sign/campaign-images/stores/e146f1fb-6ecf-4971-9926-7f1e231f98d0/products/1775868698506_sabonete-granado-anti-septico-tradicional-90g-pacheco-302570.jpg?token=eyJraWQiOiJzdG9yYWdlLXVybC1zaWduaW5nLWtleV9kMGRjNWU1Zi02MzNmLTRmZDMtOGFmZi0yMzVmNGQxZThjNjIiLCJhbGciOiJIUzI1NiJ9.eyJ1cmwiOiJjYW1wYWlnbi1pbWFnZXMvc3RvcmVzL2UxNDZmMWZiLTZlY2YtNDk3MS05OTI2LTdmMWUyMzFmOThkMC9wcm9kdWN0cy8xNzc1ODY4Njk4NTA2X3NhYm9uZXRlLWdyYW5hZG8tYW50aS1zZXB0aWNvLXRyYWRpY2lvbmFsLTkwZy1wYWNoZWNvLTMwMjU3MC5qcGciLCJpYXQiOjE3NzU4Njg2OTksImV4cCI6MTc3NTg3MjI5OX0._bh5VecNPuWn1V6-SiIevq_A9u0wlunwNjaJ4lebRL0	manual	\N	both	approved	none	\N	\N	\N	{"reason": "Mais foco no produto", "source": "visual_intent", "userAccepted": false, "resolverVersion": "1.1.0", "suggestedLayout": "floating", "userSelectedLayout": "solid"}	{}	1	\N
ba833139-8600-4482-9168-d0c87b1e55c9	e146f1fb-6ecf-4971-9926-7f1e231f98d0	Fralda Pom Pom XG 60	69.9	geral	novidade	\N	Chegou a novidade!		\N	approved	2026-04-11 00:58:02.155953	Fralda Pom Pom XG 60 por apenas R$69,90.	A festa do seu pequeno merece o melhor, né? 🎉 Garanta a sua Fralda Pom Pom e aproveite a qualidade que só a gente oferece! E não esquece: temos também lenços umedecidos para completar! 😉✨	#FraldaPomPom #RioDoSul #Qualidade	Garantir a minha	2026-04-17 19:48:34.301+00	A melhor fralda de Rio do Sul chegou!	A fralda Pom Pom XG 60 chegou pra revolucionar o cuidado com os pequenos! Super macia, ideal pra quem quer conforto e qualidade. E o melhor, tá saindo por apenas R$69,90! Não perde tempo, vem pra João Barber garantir a sua!	[{"scene": 1, "action": "segurando a fralda Pom Pom XG 60", "camera": "POV", "dialogue": "Olha essa fralda Pom Pom XG 60, a melhor pra sua criança!"}, {"scene": 2, "action": "focando no detalhe do produto", "camera": "close-up", "dialogue": "Super macia e confortável, ideal pra quem ama cuidar!"}, {"scene": 3, "action": "fralda em destaque no balcão", "camera": "ambiente", "dialogue": "E o melhor, só R$69,90! Vem garantir a sua!"}]	["Novidade que vai surpreender!", "Fralda Pom Pom XG 60", "Só R$69,90!"]	Trendy e animado, algo popular	25	🍼✨ A fralda Pom Pom XG 60 é a escolha certa! Vem garantir a sua e surpreenda-se! #VarejoReal #RioDoSul #FraldaPomPom	Garanta a sua fralda Pom Pom XG 60!	#Fraldas #PomPom #RioDoSul	2026-04-17 19:49:36.238+00	familia	\N	product	stores/e146f1fb-6ecf-4971-9926-7f1e231f98d0/products/1775869078503_3484904.webp	manual	\N	both	approved	approved	\N	\N	\N	{"reason": "Mais foco no produto", "source": "visual_intent", "userAccepted": false, "resolverVersion": "1.1.0", "suggestedLayout": "floating", "userSelectedLayout": "solid"}	{"store": {"store_id": "e146f1fb-6ecf-4971-9926-7f1e231f98d0", "main_segment": "Barbearia", "brand_profile": {"voice": {"tone_of_voice": "Premium", "brand_positioning": "Daqui você sempre sai bonito!"}, "visual": {"logo_url": null, "primary_color": "#653610", "secondary_color": "#adc7db"}, "contact": {"phone": "4791234435", "whatsapp": "47342112340"}, "location": {"city": "Rio do Sul", "state": "SC", "address": "Rua Dr. Getúlio Vargas, 1121", "neighborhood": "Centro"}, "store_name": "João Barber"}}, "resolved_at": "2026-04-17T19:47:46.142Z", "brand_profile_source": "legacy", "brand_profile_version": 1, "brand_profile_updated_at": null}	1	\N
a509bdde-9995-4d96-884e-d4452e728967	f93fa732-c339-4af8-b45d-1748369ae669	Det. Liq. Ypê 500ml Maçã	2.99	geral	promocao	stores/f93fa732-c339-4af8-b45d-1748369ae669/campaigns/a509bdde-9995-4d96-884e-d4452e728967/art-1776464986283.png	Det. Liq. Ypê Maçã a R$2,99!	\N	\N	approved	2026-04-17 22:29:18.713758	O frescor que sua casa merece!	🍏 E aí, pessoal de Ibirama! O Det. Liq. Ypê 500ml Maçã tá com um preço imperdível! Vamos deixar tudo limpinho e perfumado! Garantir o meu! 🧼✨	#MerceariaDaMaria #Ibirama #Desconto	Garantir o meu	2026-04-17 22:29:23.749+00	\N	\N	\N	\N	\N	\N	\N	\N	\N	\N	popular	\N	product	stores/f93fa732-c339-4af8-b45d-1748369ae669/products/1776464954139_det_ype_maca_500ml.webp	manual	\N	both	approved	none	\N	\N	\N	\N	{"store": {"store_id": "f93fa732-c339-4af8-b45d-1748369ae669", "main_segment": "Mercado / Mercearia", "brand_profile": {"voice": {"tone_of_voice": "Amigável", "brand_positioning": "O melhor preço de medicamentos e a melhor entrega da região."}, "visual": {"logo_url": null, "primary_color": "#0f14a9", "secondary_color": "#ffffff"}, "contact": {"phone": null, "whatsapp": "47912344321"}, "location": {"city": "Ibirama", "state": "SC", "address": "Rua Dr. Getúlio Vargas, 1991", "neighborhood": "Bela Vista"}, "store_name": "Mercearia da Maria"}}, "resolved_at": "2026-04-17T22:29:20.247Z", "brand_profile_source": "legacy", "brand_profile_version": 1, "brand_profile_updated_at": null}	1	\N
feea2a42-204d-4328-a71e-062ad482923b	f93fa732-c339-4af8-b45d-1748369ae669	Farinha de trigo 5k	14.99	geral	visitas	stores/f93fa732-c339-4af8-b45d-1748369ae669/campaigns/feea2a42-204d-4328-a71e-062ad482923b/art-1776465689457.png	Farinha de Trigo 5kg	\N	\N	approved	2026-04-17 22:34:11.12744	O ingrediente essencial pra suas receitas!	Oi, meu povo! 🍞 A Farinha de Trigo 5kg tá com um precinho de R$ 14,99 só na Mercearia da Maria. Ideal pra fazer aquele pão caseiro! Vem garantir a sua, hein? 😋✨	#MerceariaDaMaria #Ibirama #FarinhaDeTrigo	Garantir a minha	2026-04-17 22:34:16.154+00	\N	\N	\N	\N	\N	\N	\N	\N	\N	\N	familia	\N	product	stores/f93fa732-c339-4af8-b45d-1748369ae669/products/1776465245648_trigo.jpg	manual	\N	both	approved	none	\N	\N	\N	\N	{"store": {"store_id": "f93fa732-c339-4af8-b45d-1748369ae669", "main_segment": "Mercado / Mercearia", "brand_profile": {"voice": {"tone_of_voice": "Amigável", "brand_positioning": "O melhor preço de medicamentos e a melhor entrega da região."}, "visual": {"logo_url": null, "primary_color": "#0f14a9", "secondary_color": "#ffffff"}, "contact": {"phone": null, "whatsapp": "47912344321"}, "location": {"city": "Ibirama", "state": "SC", "address": "Rua Dr. Getúlio Vargas, 1991", "neighborhood": "Bela Vista"}, "store_name": "Mercearia da Maria"}}, "resolved_at": "2026-04-17T22:34:12.750Z", "brand_profile_source": "legacy", "brand_profile_version": 1, "brand_profile_updated_at": null}	1	\N
82fcae0f-4e2a-4eef-b54a-8eedb6971e0c	f93fa732-c339-4af8-b45d-1748369ae669	Fralda Pampers c/30 XXG	49.5	maes_pais	promocao	stores/f93fa732-c339-4af8-b45d-1748369ae669/campaigns/82fcae0f-4e2a-4eef-b54a-8eedb6971e0c/art-1776465793196.png	Fralda Pampers em promoção!	\N	\N	approved	2026-04-17 22:42:45.206584	Conforto e proteção que seu bebê merece.	💖 Mães e pais de Ibirama, a hora é agora! A fralda Pampers c/30 XXG tá só R$49,50. A melhor entrega e preço da região! 🚚✨ Garantir a minha! #MerceariaDaMaria #Ibirama #Promoção	#FraldaPampers #BebêFeliz #MelhorPreço	Garantir a minha	2026-04-17 22:42:50.744+00	\N	\N	\N	\N	\N	\N	\N	\N	\N	\N	popular	\N	product	stores/f93fa732-c339-4af8-b45d-1748369ae669/products/1776465753938_pampers.webp	manual	\N	both	approved	none	\N	\N	\N	\N	{"store": {"store_id": "f93fa732-c339-4af8-b45d-1748369ae669", "main_segment": "Mercado / Mercearia", "brand_profile": {"voice": {"tone_of_voice": "Amigável", "brand_positioning": "O melhor preço de medicamentos e a melhor entrega da região."}, "visual": {"logo_url": null, "primary_color": "#0f14a9", "secondary_color": "#ffffff"}, "contact": {"phone": null, "whatsapp": "47912344321"}, "location": {"city": "Ibirama", "state": "SC", "address": "Rua Dr. Getúlio Vargas, 1991", "neighborhood": "Bela Vista"}, "store_name": "Mercearia da Maria"}}, "resolved_at": "2026-04-17T22:42:46.134Z", "brand_profile_source": "legacy", "brand_profile_version": 1, "brand_profile_updated_at": null}	1	\N
4f85782d-e531-4312-b272-540e7ea08f5e	f93fa732-c339-4af8-b45d-1748369ae669	Fralda Pampers c/30 XXG	49.99	maes_pais	promocao	stores/f93fa732-c339-4af8-b45d-1748369ae669/campaigns/4f85782d-e531-4312-b272-540e7ea08f5e/art-1776465909909.png	Fralda Pampers em Oferta!	\N	\N	approved	2026-04-17 22:45:00.593466	A proteção que seu bebê merece por R$49,99.	Oi, mamãe! Chegou a hora de garantir as melhores fraldas para o seu pequeno! 🍼✨ Aqui na Mercearia da Maria, a Pampers tá saindo por só R$49,99. Não fica de fora, hein? 🌟 #Ibirama #MerceariaDaMaria #Promoção	#Pampers #Fraldas #Promoção	Garantir a minha	2026-04-17 22:45:04.948+00	\N	\N	\N	\N	\N	\N	\N	\N	\N	\N	popular	\N	product	stores/f93fa732-c339-4af8-b45d-1748369ae669/products/1776465896183_pampers.webp	manual	\N	both	approved	none	\N	\N	\N	\N	{"store": {"store_id": "f93fa732-c339-4af8-b45d-1748369ae669", "main_segment": "Mercado / Mercearia", "brand_profile": {"voice": {"tone_of_voice": "Amigável", "brand_positioning": "O melhor preço de medicamentos e a melhor entrega da região."}, "visual": {"logo_url": null, "primary_color": "#0f14a9", "secondary_color": "#ffffff"}, "contact": {"phone": null, "whatsapp": "47912344321"}, "location": {"city": "Ibirama", "state": "SC", "address": "Rua Dr. Getúlio Vargas, 1991", "neighborhood": "Bela Vista"}, "store_name": "Mercearia da Maria"}}, "resolved_at": "2026-04-17T22:45:01.314Z", "brand_profile_source": "legacy", "brand_profile_version": 1, "brand_profile_updated_at": null}	1	\N
b130da04-e9f3-454e-a91a-1cd1714708f1	f93fa732-c339-4af8-b45d-1748369ae669	Energético Baly Tadala 473ml	7.49	geral	promocao	stores/f93fa732-c339-4af8-b45d-1748369ae669/campaigns/b130da04-e9f3-454e-a91a-1cd1714708f1/art-1776466381837.png	A energia que você precisa!	\N	\N	approved	2026-04-17 22:52:46.390631	Experimente o Energético Baly Tadala por apenas R$ 7,49.	🕺⚡ Chegou a hora de dar um gás na sua rotina, meu amigo! O Energético Baly Tadala tá incrível e só R$ 7,49! Vem garantir o seu e arrasar na energia! 💪📲 Chama no Whats!	#Energético #BalyTadala #MerceariaDaMaria	Garantir o meu	2026-04-17 22:52:50.399+00	\N	\N	\N	\N	\N	\N	\N	\N	\N	\N	popular	\N	product	stores/f93fa732-c339-4af8-b45d-1748369ae669/products/1776466362196_baly_tadala.png	manual	\N	both	approved	none	\N	\N	\N	\N	{"store": {"store_id": "f93fa732-c339-4af8-b45d-1748369ae669", "main_segment": "Mercado / Mercearia", "brand_profile": {"voice": {"tone_of_voice": "Amigável", "brand_positioning": "O melhor preço de medicamentos e a melhor entrega da região."}, "visual": {"logo_url": null, "primary_color": "#0f14a9", "secondary_color": "#ffffff"}, "contact": {"phone": null, "whatsapp": "47912344321"}, "location": {"city": "Ibirama", "state": "SC", "address": "Rua Dr. Getúlio Vargas, 1991", "neighborhood": "Bela Vista"}, "store_name": "Mercearia da Maria"}}, "resolved_at": "2026-04-17T22:52:47.313Z", "brand_profile_source": "legacy", "brand_profile_version": 1, "brand_profile_updated_at": null}	1	\N
6faf18d8-c782-4798-a1ad-e610166798c5	f93fa732-c339-4af8-b45d-1748369ae669	Farinha de trigo 5k	14.99	geral	promocao	stores/f93fa732-c339-4af8-b45d-1748369ae669/campaigns/6faf18d8-c782-4798-a1ad-e610166798c5/art-1776466980146.png	Farinha de Trigo 5kg por R$14,99!	\N	\N	approved	2026-04-17 23:02:40.619256	A base perfeita para suas receitas!	Aê, Ibirama! 🍞 Chegou a hora de garantir a melhor farinha pro seu lanche! Vem pra Mercearia da Maria e aproveita! 🛒✨ #FazendoReceitas #Ibirama #MerceariaDaMaria	#FarinhaDeTrigo #Promoção #Ibirama	Garantir a minha	2026-04-17 23:02:44.593+00	\N	\N	\N	\N	\N	\N	\N	\N	\N	\N	popular	\N	product	stores/f93fa732-c339-4af8-b45d-1748369ae669/products/1776466956324_trigo.jpg	manual	\N	both	approved	none	\N	\N	\N	\N	{"store": {"store_id": "f93fa732-c339-4af8-b45d-1748369ae669", "main_segment": "Mercado / Mercearia", "brand_profile": {"voice": {"tone_of_voice": "Amigável", "brand_positioning": "O melhor preço de medicamentos e a melhor entrega da região."}, "visual": {"logo_url": null, "primary_color": "#0f14a9", "secondary_color": "#ffffff"}, "contact": {"phone": null, "whatsapp": "47912344321"}, "location": {"city": "Ibirama", "state": "SC", "address": "Rua Dr. Getúlio Vargas, 1991", "neighborhood": "Bela Vista"}, "store_name": "Mercearia da Maria"}}, "resolved_at": "2026-04-17T23:02:41.655Z", "brand_profile_source": "legacy", "brand_profile_version": 1, "brand_profile_updated_at": null}	1	\N
b9084ff5-6170-4d3b-93d4-0efdcf444f0c	f93fa732-c339-4af8-b45d-1748369ae669	Farinha de trigo 5k	14.99	geral	promocao	stores/f93fa732-c339-4af8-b45d-1748369ae669/campaigns/b9084ff5-6170-4d3b-93d4-0efdcf444f0c/art-1776467107762.png	Farinha de Trigo 5kg!	\N	\N	approved	2026-04-17 23:04:55.178908	O melhor preço pra sua receita!	🍞 Aqui em Ibirama, a receita perfeita começa com a nossa farinha! Garanta a sua e arrase nos pães e bolos! 🥖✨ Chama no Whats! 📲	#MerceariaDaMaria #Ibirama #FarinhaDeTrigo	Garantir a minha	2026-04-17 23:04:59.461+00	\N	\N	\N	\N	\N	\N	\N	\N	\N	\N	popular	\N	product	stores/f93fa732-c339-4af8-b45d-1748369ae669/products/1776467091312_trigo.jpg	manual	\N	both	approved	none	\N	\N	\N	\N	{"store": {"store_id": "f93fa732-c339-4af8-b45d-1748369ae669", "main_segment": "Mercado / Mercearia", "brand_profile": {"voice": {"tone_of_voice": "Amigável", "brand_positioning": "O melhor preço de medicamentos e a melhor entrega da região."}, "visual": {"logo_url": null, "primary_color": "#0f14a9", "secondary_color": "#ffffff"}, "contact": {"phone": null, "whatsapp": "47912344321"}, "location": {"city": "Ibirama", "state": "SC", "address": "Rua Dr. Getúlio Vargas, 1991", "neighborhood": "Bela Vista"}, "store_name": "Mercearia da Maria"}}, "resolved_at": "2026-04-17T23:04:56.218Z", "brand_profile_source": "legacy", "brand_profile_version": 1, "brand_profile_updated_at": null}	1	\N
ccdb3540-3aa2-42ca-92d5-6738d1450a8a	f93fa732-c339-4af8-b45d-1748369ae669	Fraldas Pom Pom XG60	29.99	geral	promocao	stores/f93fa732-c339-4af8-b45d-1748369ae669/campaigns/ccdb3540-3aa2-42ca-92d5-6738d1450a8a/art-1776467307613.png	Fraldas Pom Pom XG60 por R$29,99!	\N	\N	approved	2026-04-17 23:08:15.481902	Aproveite o melhor preço da região!	🛒 Aqui na Mercearia da Maria, você encontra as melhores fraldas! Garantir a sua e facilitar a rotina! 😉 #Ibirama #MerceariaDaMaria #FraldasPomPom	#Fraldas #Promoção #Ibirama	Garantir a minha	2026-04-17 23:08:19.588+00	\N	\N	\N	\N	\N	\N	\N	\N	\N	\N	popular	\N	product	stores/f93fa732-c339-4af8-b45d-1748369ae669/products/1776467268964_3484904.webp	manual	\N	both	approved	none	\N	\N	\N	\N	{"store": {"store_id": "f93fa732-c339-4af8-b45d-1748369ae669", "main_segment": "Mercado / Mercearia", "brand_profile": {"voice": {"tone_of_voice": "Amigável", "brand_positioning": "O melhor preço de medicamentos e a melhor entrega da região."}, "visual": {"logo_url": null, "primary_color": "#0f14a9", "secondary_color": "#ffffff"}, "contact": {"phone": null, "whatsapp": "47912344321"}, "location": {"city": "Ibirama", "state": "SC", "address": "Rua Dr. Getúlio Vargas, 1991", "neighborhood": "Bela Vista"}, "store_name": "Mercearia da Maria"}}, "resolved_at": "2026-04-17T23:08:16.731Z", "brand_profile_source": "legacy", "brand_profile_version": 1, "brand_profile_updated_at": null}	1	\N
b8499dcb-6b14-46ad-8f64-2fbf97a6df18	f93fa732-c339-4af8-b45d-1748369ae669	Chá Leão Relaxa 16g	13.99	geral	promocao	stores/f93fa732-c339-4af8-b45d-1748369ae669/campaigns/b8499dcb-6b14-46ad-8f64-2fbf97a6df18/art-1776468223221.png	Descanse com Leão Relaxa!		\N	approved	2026-04-17 23:15:04.158582	Aproveite o chá por apenas R$ 13,99 e relaxe.	🌿 Ôh, pessoal! O Chá Leão Relaxa tá na promoção por só R$ 13,99! Vem garantir o seu e dar aquele descanso merecido! 🌙✨ #CháLeão #Relaxar #MerceariaDaMaria	#Chá #Relaxamento #Promoção	Garantir o meu	2026-04-17 23:23:44.317+00	\N	\N	\N	\N	\N	\N	\N	\N	\N	\N	popular	\N	product	https://efxiupkxtvhbekyorddn.supabase.co/storage/v1/object/sign/campaign-images/stores/f93fa732-c339-4af8-b45d-1748369ae669/products/1776467677834_relaxa_23-4x5twnjpjz.webp?token=eyJraWQiOiJzdG9yYWdlLXVybC1zaWduaW5nLWtleV9kMGRjNWU1Zi02MzNmLTRmZDMtOGFmZi0yMzVmNGQxZThjNjIiLCJhbGciOiJIUzI1NiJ9.eyJ1cmwiOiJjYW1wYWlnbi1pbWFnZXMvc3RvcmVzL2Y5M2ZhNzMyLWMzMzktNGFmOC1iNDVkLTE3NDgzNjlhZTY2OS9wcm9kdWN0cy8xNzc2NDY3Njc3ODM0X3JlbGF4YV8yMy00eDV0d25qcGp6LndlYnAiLCJpYXQiOjE3NzY0NjgyMTksImV4cCI6MTc3NjQ3MTgxOX0.qS7fX1SBcNKMLUVJflZh5VoTTRE0zBwbo07BYEUXpEc	manual	\N	both	approved	none	\N	\N	\N	\N	{"store": {"store_id": "f93fa732-c339-4af8-b45d-1748369ae669", "main_segment": "Mercado / Mercearia", "brand_profile": {"voice": {"tone_of_voice": "Amigável", "brand_positioning": "O melhor preço de medicamentos e a melhor entrega da região."}, "visual": {"logo_url": null, "primary_color": "#0f14a9", "secondary_color": "#ffffff"}, "contact": {"phone": null, "whatsapp": "47912344321"}, "location": {"city": "Ibirama", "state": "SC", "address": "Rua Dr. Getúlio Vargas, 1991", "neighborhood": "Bela Vista"}, "store_name": "Mercearia da Maria"}}, "resolved_at": "2026-04-17T23:23:35.606Z", "visual_preference": {"message_focus": "offer", "badge_tolerance": "low", "layout_preference": "solid", "hierarchy_preference": "strong"}, "brand_profile_source": "legacy", "brand_profile_version": 1, "brand_profile_updated_at": null}	1	\N
48265481-1ab3-4770-9192-1799e80a3677	f93fa732-c339-4af8-b45d-1748369ae669	Perfume KaiaK	89.49	geral	promocao	stores/f93fa732-c339-4af8-b45d-1748369ae669/campaigns/48265481-1ab3-4770-9192-1799e80a3677/art-1776468277727.png	Perfume KaiaK em Oferta!	\N	\N	approved	2026-04-17 23:24:27.849868	Aproveite só R$ 89,49 e sinta a diferença!	🌸 O perfume que vai deixar seu dia mais perfumado! Garanta a sua fragrância KaiaK e arrase! Chama no Whats e já garante a sua! 💖✨	#Perfume #KaiaK #Ibirama	Chamar no Whats	2026-04-17 23:24:31.996+00	\N	\N	\N	\N	\N	\N	\N	\N	\N	\N	popular	\N	product	stores/f93fa732-c339-4af8-b45d-1748369ae669/products/1776468248119_MIOLO1.jpg	manual	\N	both	approved	none	\N	\N	\N	\N	{"store": {"store_id": "f93fa732-c339-4af8-b45d-1748369ae669", "main_segment": "Mercado / Mercearia", "brand_profile": {"voice": {"tone_of_voice": "Amigável", "brand_positioning": "O melhor preço de medicamentos e a melhor entrega da região."}, "visual": {"logo_url": null, "primary_color": "#0f14a9", "secondary_color": "#ffffff"}, "contact": {"phone": null, "whatsapp": "47912344321"}, "location": {"city": "Ibirama", "state": "SC", "address": "Rua Dr. Getúlio Vargas, 1991", "neighborhood": "Bela Vista"}, "store_name": "Mercearia da Maria"}}, "resolved_at": "2026-04-17T23:24:28.803Z", "visual_preference": {"message_focus": "offer", "badge_tolerance": "low", "layout_preference": "solid", "hierarchy_preference": "strong"}, "brand_profile_source": "legacy", "brand_profile_version": 1, "brand_profile_updated_at": null}	1	\N
97755247-4484-4b46-bf7a-c1a794f5d442	f93fa732-c339-4af8-b45d-1748369ae669	Cerveja Schin 350ml	1.99	geral	novidade	stores/f93fa732-c339-4af8-b45d-1748369ae669/campaigns/97755247-4484-4b46-bf7a-c1a794f5d442/art-1776468541826.png	Cerveja Schin por R$1,99!	\N	\N	approved	2026-04-17 23:28:51.45051	A sua melhor escolha para o fim de semana!	Chegou a hora de brindar, pessoal! 🍻 A Schin 350ml tá só R$1,99 aqui na Mercearia da Maria! Vem garantir a sua e aproveita pra levar uns petiscos também! 🥜 #Ibirama #CervejaSchin #MerceariaDaMaria	#Cerveja #Promoção #Ibirama	Garantir a minha	2026-04-17 23:28:55.811+00	\N	\N	\N	\N	\N	\N	\N	\N	\N	\N	popular	\N	product	stores/f93fa732-c339-4af8-b45d-1748369ae669/products/1776468515581_65730c22dddb07d995cdb28e.webp	manual	\N	both	approved	none	\N	\N	\N	\N	{"store": {"store_id": "f93fa732-c339-4af8-b45d-1748369ae669", "main_segment": "Mercado / Mercearia", "brand_profile": {"voice": {"tone_of_voice": "Amigável", "brand_positioning": "O melhor preço de medicamentos e a melhor entrega da região."}, "visual": {"logo_url": null, "primary_color": "#0f14a9", "secondary_color": "#ffffff"}, "contact": {"phone": null, "whatsapp": "47912344321"}, "location": {"city": "Ibirama", "state": "SC", "address": "Rua Dr. Getúlio Vargas, 1991", "neighborhood": "Bela Vista"}, "store_name": "Mercearia da Maria"}}, "resolved_at": "2026-04-17T23:28:52.468Z", "visual_preference": {"message_focus": "offer", "badge_tolerance": "low", "layout_preference": "solid", "hierarchy_preference": "strong"}, "brand_profile_source": "legacy", "brand_profile_version": 1, "brand_profile_updated_at": null}	1	\N
\.


--
-- Data for Name: weekly_plans; Type: TABLE DATA; Schema: public; Owner: -
--

COPY public.weekly_plans (id, store_id, week_start, status, strategy, created_at) FROM stdin;
f39bc413-1724-43ad-a141-f4a88c78a043	e36fa482-3d4d-464f-92e5-bbd73b2f37ea	2026-03-30	approved	{"items": [{"audience": "familia", "objective": "sazonal", "reasoning": "Prepare sua casa para a Páscoa com flores frescas!", "day_of_week": 2, "positioning": "familia", "content_type": "post"}, {"audience": "geral", "objective": "promocao", "reasoning": "Desconto especial em arranjos para a Sexta-feira Santa!", "day_of_week": 3, "positioning": "medio", "content_type": "reels"}, {"audience": "maes_pais", "objective": "combo", "reasoning": "Leve um arranjo e ganhe um vaso na Páscoa!", "day_of_week": 4, "positioning": "popular", "content_type": "post"}, {"audience": "jovens_festa", "objective": "engajamento", "reasoning": "Flores para sua festa de Páscoa: arrase na decoração!", "day_of_week": 6, "positioning": "jovem", "content_type": "reels"}], "store_snapshot": {"city": "São Paulo", "name": "Comercial Teste Beta", "state": "SP", "main_segment": "Floricultura", "tone_of_voice": "Amigável", "brand_positioning": "Os arranjos florais mais encantadores da cidade!"}, "strategy_summary": "Dia 2: Obj: sazonal, Publ: familia | Dia 3: Obj: promocao, Publ: geral | Dia 4: Obj: combo, Publ: maes_pais | Dia 6: Obj: engajamento, Publ: jovens_festa"}	2026-03-29 19:18:25.230288+00
\.


--
-- Data for Name: weekly_plan_items; Type: TABLE DATA; Schema: public; Owner: -
--

COPY public.weekly_plan_items (id, plan_id, day_of_week, content_type, theme, recommended_time, campaign_id, brief, created_at, status, target_content_type, target_domain_input) FROM stdin;
e237f72a-c491-47d0-b3dd-c0e024144936	f39bc413-1724-43ad-a141-f4a88c78a043	3	reels	Focar em Desconto especial em arranjos para a Sexta-feira Santa!	12:30	\N	{"angle": "Focar em Desconto especial em arranjos para a Sexta-feira Santa!", "audience": "geral", "cta_hint": "Chamada para ação clara", "hook_hint": "Atenção inicial focada na estratégia", "objective": "promocao", "product_positioning": "medio"}	2026-03-29 19:18:49.91129+00	approved	\N	{}
6d61d23b-4b60-4e8a-963b-96f961d2cda5	f39bc413-1724-43ad-a141-f4a88c78a043	4	post	Focar em Leve um arranjo e ganhe um vaso na Páscoa!	18:00	\N	{"angle": "Focar em Leve um arranjo e ganhe um vaso na Páscoa!", "audience": "maes_pais", "cta_hint": "Chamada para ação clara", "hook_hint": "Atenção inicial focada na estratégia", "objective": "combo", "product_positioning": "popular"}	2026-03-29 19:18:49.91129+00	approved	\N	{}
0eef6d0d-8d07-4334-954b-75e7c2890cb3	f39bc413-1724-43ad-a141-f4a88c78a043	6	reels	Focar em Flores para sua festa de Páscoa: arrase na decoração!	20:00	\N	{"angle": "Focar em Flores para sua festa de Páscoa: arrase na decoração!", "audience": "jovens_festa", "cta_hint": "Chamada para ação clara", "hook_hint": "Atenção inicial focada na estratégia", "objective": "engajamento", "product_positioning": "jovem"}	2026-03-29 19:18:49.91129+00	approved	\N	{}
2b954488-a36b-455c-8d7f-5d20af5f4ed3	f39bc413-1724-43ad-a141-f4a88c78a043	2	post	Focar em Prepare sua casa para a Páscoa com flores frescas!	20:00	8c309253-ad2c-4b00-916b-574f8df479fc	{"angle": "Focar em Prepare sua casa para a Páscoa com flores frescas!", "audience": "familia", "cta_hint": "Chamada para ação clara", "hook_hint": "Atenção inicial focada na estratégia", "objective": "sazonal", "product_positioning": "familia"}	2026-03-29 19:18:49.91129+00	approved	\N	{}
\.


--
-- PostgreSQL database dump complete
--

\unrestrict Qa323UDdJgF5r7lhsemPvU9Pou3gAkhfgOpnhlO9DUPyKY75qbiXSHDzU6LWAxh

